Date,Time,Core Clocks (avg) [MHz],Core 0 Clock [MHz],Core 1 Clock [MHz],Core 2 Clock [MHz],Core 3 Clock [MHz],Average Effective Clock [MHz],Core Temperatures (avg) [°C],Core 0 [°C],Core 1 [°C],Core 2 [°C],Core 3 [°C],Core Distance to TjMAX (avg) [°C],Core 0 Distance to TjMAX [°C],Core 1 Distance to TjMAX [°C],Core 2 Distance to TjMAX [°C],Core 3 Distance to TjMAX [°C],CPU Package [°C],Core Max [°C],CPU Package [°C],CPU IA Cores [°C],CPU GT Cores (Graphics) [°C],CPU Package Power [W]
16.7.2022,47:40.9,3369.2,3194.5,3494,3494,3294.4,3222.5,93,93,89,95,94,7,7,11,5,6,95,95,95,95,67,39.329
16.7.2022,47:43.0,3392.5,3292.7,3492.3,3392.5,3392.5,3245.2,92,92,87,95,94,8,8,13,5,6,95,95,94,94,66,38.834
16.7.2022,47:45.6,3393.4,3393.4,3293.6,3493.2,3393.4,3317.2,92,93,88,94,94,8,7,12,6,6,94,94,95,95,67,38.946
16.7.2022,47:48.2,3441.6,3391.7,3391.7,3491.5,3491.5,3346.4,92,93,88,94,94,8,7,12,6,6,95,94,95,95,67,38.766
16.7.2022,47:51.4,3392.5,3392.5,3392.5,3392.5,3392.5,3328.5,92,94,88,93,93,8,6,12,7,7,94,94,95,95,65,38.809
16.7.2022,47:54.2,3390,3290.3,3390,3390,3489.7,3348,93,95,89,95,92,7,5,11,5,8,95,95,96,96,67,38.513
16.7.2022,47:56.9,3493.2,3393.4,3493.2,3692.8,3393.4,3406.6,93,94,89,94,94,7,6,11,6,6,95,94,95,95,69,39.32
16.7.2022,47:59.4,3465.7,3490.6,3390.9,3490.6,3490.6,3395.5,92,94,88,94,92,8,6,12,6,8,94,94,95,95,67,39.31
16.7.2022,48:01.9,3345.1,3395,3494.9,3195.3,3295.2,3371.7,93,93,90,96,92,7,7,10,4,8,95,96,95,95,66,38.906
16.7.2022,48:06.0,3466.5,3291.9,3391.7,3491.5,3691,3352.9,92,95,88,94,92,8,5,12,6,8,95,95,95,95,66,38.521
16.7.2022,48:10.4,3464,3389.2,3389.2,3488.9,3588.6,3366.5,92,94,86,94,93,8,6,14,6,7,96,94,95,95,67,36.152
16.7.2022,48:15.0,3389.2,3289.5,3389.2,3389.2,3488.9,3439.2,92,92,89,95,93,8,8,11,5,7,95,95,95,95,69,41.876
16.7.2022,48:18.0,3543.9,3593.8,3593.8,3494,3494,3454.3,93,94,87,95,94,8,6,13,5,6,94,95,94,94,70,39.882
16.7.2022,48:21.9,3515.5,3390.9,3590.3,3590.3,3490.6,3475.5,91,94,88,95,88,9,6,12,5,12,94,95,93,93,70,39.535
16.7.2022,48:24.8,3541.3,3691,3491.5,3391.7,3591.2,3468.7,92,93,88,95,92,8,7,12,5,8,93,95,96,96,70,39.617
16.7.2022,48:27.6,3440.7,3390.9,3390.9,3291.1,3690,3452.8,93,93,88,95,94,8,7,12,5,6,95,95,94,94,71,38.805
16.7.2022,48:29.9,3491.5,3491.5,3391.7,3391.7,3691,3458.9,93,95,88,92,97,7,5,12,8,3,95,97,95,95,71,39.23
16.7.2022,48:32.2,3366.8,3291.9,3391.7,3391.7,3391.7,3425.3,93,95,87,95,93,8,5,13,5,7,95,95,96,96,69,38.708
16.7.2022,48:34.2,3392.5,3392.5,3392.5,3392.5,3392.5,2925.8,78,79,80,76,77,22,21,20,24,23,80,80,82,82,71,37.047
16.7.2022,48:36.3,3866.5,3891.4,3891.4,3791.6,3891.4,1116.5,87,82,82,93,90,13,18,18,7,10,89,93,92,92,70,24.155
16.7.2022,48:38.4,3642,3691.9,3691.9,3691.9,3492.3,1495.4,83,83,84,82,84,17,17,16,18,16,84,84,89,89,69,28.548
16.7.2022,48:40.5,3193.8,3193.8,3193.8,3193.8,3193.8,1187.6,75,74,75,79,71,25,26,25,21,29,79,79,78,78,68,25.571
16.7.2022,48:43.4,3441.6,3391.7,3591.2,3291.9,3491.5,2105.1,92,93,86,96,92,8,7,14,4,8,96,96,95,95,67,30.512
16.7.2022,48:45.5,3516.4,3491.5,3391.7,3591.2,3591.2,3326.4,91,94,86,93,90,9,6,14,7,10,96,94,96,96,70,38.903
16.7.2022,48:47.5,3118.9,3193.8,3094,3094,3094,2752.1,74,76,76,72,72,26,24,24,28,28,76,76,79,79,69,35.375
16.7.2022,48:49.6,3592.1,3592.1,3691.9,3592.1,3492.3,1564.3,85,87,86,86,81,15,13,14,14,19,87,87,87,87,72,31.82
16.7.2022,48:51.7,3439.9,3390,3390,3489.7,3489.7,1402,79,76,77,81,82,21,24,23,19,18,82,82,84,84,72,27.761
16.7.2022,48:53.8,3291.1,3291.1,3291.1,3291.1,3291.1,1192.5,73,71,74,73,73,27,29,26,27,27,74,74,79,79,69,25.93
16.7.2022,48:56.0,3468.2,3393.4,3493.2,3493.2,3493.2,1921.6,92,94,86,95,93,8,6,14,5,7,96,95,95,95,70,29.698
16.7.2022,48:58.1,3441.6,3391.7,3591.2,3391.7,3391.7,2040.6,93,95,88,95,93,7,5,12,5,7,95,95,94,94,69,29.912
16.7.2022,49:00.2,3041.8,3091.7,3091.7,2991.9,2991.9,2898.1,77,75,77,78,76,24,25,23,22,24,77,78,79,79,70,36.087
16.7.2022,49:02.3,3290.3,3290.3,3290.3,3290.3,3290.3,1451.8,74,78,75,73,69,26,22,25,27,31,78,78,81,81,69,24.589
16.7.2022,49:04.4,3140.8,3190.6,3190.6,3090.9,3090.9,1970.2,72,76,73,69,69,28,24,27,31,31,76,76,79,79,68,29.653
16.7.2022,49:06.4,3567.1,3492.3,3592.1,3492.3,3691.9,2025.5,92,92,87,95,92,9,8,13,5,8,94,95,95,95,70,30.043
16.7.2022,49:08.5,3240.5,3290.3,3190.6,3190.6,3290.3,1497.2,74,73,73,77,72,26,27,27,23,28,77,77,77,77,68,28.014
16.7.2022,49:10.6,3445,3494.9,3494.9,3395,3395,1500.6,75,73,76,76,74,25,27,24,24,26,76,76,80,80,69,26.733
16.7.2022,49:12.8,3368.4,3293.6,3393.4,3393.4,3393.4,1907.4,92,94,88,95,92,8,6,12,5,8,95,95,93,93,70,28.917
16.7.2022,49:14.9,3442.4,3392.5,3392.5,3492.3,3492.3,1076.6,72,71,75,73,69,28,29,25,27,31,75,75,79,79,69,23.875
16.7.2022,49:17.0,3966.3,3891.4,3991.2,3991.2,3991.2,1246.4,89,93,86,85,91,11,7,14,15,9,96,93,96,96,68,26.206
16.7.2022,49:19.1,3391.7,3391.7,3391.7,3391.7,3391.7,1195.6,79,79,79,78,81,21,21,21,22,19,82,81,83,83,69,26.264
16.7.2022,49:21.2,3392.5,3392.5,3392.5,3392.5,3392.5,1328.9,72,71,75,70,71,28,29,25,30,29,75,75,77,77,71,25.373
16.7.2022,49:23.3,3888.6,3888.6,3888.6,3888.6,3888.6,1076.2,83,83,82,83,83,17,17,18,17,17,83,83,91,92,69,24.045
16.7.2022,49:25.4,3392.5,3392.5,3392.5,3392.5,3392.5,1144.1,74,74,75,76,71,26,26,25,24,29,76,76,80,80,69,25.077
16.7.2022,49:27.4,3367.6,3292.7,3392.5,3392.5,3392.5,1267.5,79,82,80,76,77,21,18,20,24,23,82,82,86,86,70,26.024
16.7.2022,49:29.6,3392.5,3392.5,3392.5,3392.5,3392.5,1073.2,77,78,77,76,75,24,22,23,24,25,78,78,81,81,69,23.598
16.7.2022,49:31.6,3989.2,3989.2,3989.2,3989.2,3989.2,1631.2,86,89,86,83,87,14,11,14,17,13,89,89,91,91,68,29.584
16.7.2022,49:33.7,3392.5,3392.5,3392.5,3392.5,3392.5,1107.2,73,74,76,72,71,27,26,24,28,29,77,76,80,80,69,24.428
16.7.2022,49:35.7,3242.1,3291.9,3291.9,3192.2,3192.2,988.6,72,70,75,73,70,28,30,25,27,30,75,75,76,76,68,22.101
16.7.2022,49:37.8,3291.1,3291.1,3291.1,3291.1,3291.1,1069.7,73,72,75,70,73,28,28,25,30,27,75,75,77,77,68,23.012
16.7.2022,49:39.9,3390.9,3390.9,3390.9,3390.9,3390.9,1155.2,72,71,71,69,76,28,29,29,31,24,76,76,81,81,67,23.475
16.7.2022,49:41.9,3341.8,3391.7,3391.7,3291.9,3291.9,1155.5,74,73,75,77,71,26,27,25,23,29,76,77,81,81,69,24.171
16.7.2022,49:44.0,3390.9,3390.9,3390.9,3390.9,3390.9,945,72,71,75,69,72,28,29,25,31,28,75,75,77,77,68,21.87
16.7.2022,49:46.1,3290.3,3290.3,3290.3,3290.3,3290.3,1158.3,70,70,70,75,66,30,30,30,25,34,75,75,79,79,67,24.028
16.7.2022,49:48.2,3442.4,3392.5,3392.5,3492.3,3492.3,900.1,71,71,75,69,70,29,29,25,31,30,75,75,79,79,66,22.073
16.7.2022,49:50.3,3590.3,3390.9,3690,3690,3590.3,1759.6,92,94,88,94,90,9,6,12,6,10,96,94,95,95,68,28.805
16.7.2022,49:52.5,3717.7,3493.2,3792.6,3892.4,3692.8,3249.4,91,92,86,90,95,9,8,14,10,5,95,95,96,96,68,38.958
16.7.2022,49:54.5,3390,3390,3390,3390,3390,1567.1,72,70,76,72,69,28,30,24,28,31,75,76,80,80,68,27.057
16.7.2022,49:56.6,3415.8,3490.6,3390.9,3390.9,3390.9,991.3,73,72,73,73,73,27,28,27,27,27,73,73,80,80,68,22.682
16.7.2022,49:58.7,3440.7,3490.6,3390.9,3490.6,3390.9,1080.8,73,71,71,79,72,27,29,29,21,28,80,79,79,79,68,23.312
16.7.2022,50:00.7,3390,3390,3390,3390,3390,1345.2,75,74,75,77,72,26,26,25,23,28,77,77,79,79,67,27.095
16.7.2022,50:02.8,3316.9,3291.9,3291.9,3391.7,3291.9,1422.8,76,75,74,80,74,24,25,26,20,26,79,80,78,78,67,26.651
16.7.2022,50:04.9,3790.7,3591.2,3591.2,3990.2,3990.2,1887.1,89,90,83,90,93,11,10,17,10,7,95,93,96,96,70,30.034
16.7.2022,50:07.3,3518.1,3493.2,3593,3593,3393.4,1766.1,90,92,86,93,90,10,8,14,7,10,95,93,96,96,68,27.468
16.7.2022,50:09.4,3392.5,3392.5,3392.5,3392.5,3392.5,1636.1,72,75,71,68,73,28,25,29,32,27,75,75,80,80,66,28.162
16.7.2022,50:11.5,2993.4,2993.4,2993.4,2993.4,2993.4,1879.2,73,76,72,70,73,27,24,28,30,27,76,76,74,74,65,28.985
16.7.2022,50:13.5,3192.2,3192.2,3192.2,3192.2,3192.2,1263.9,70,69,70,66,74,30,31,30,34,26,74,74,75,75,67,24.424
16.7.2022,50:15.6,3392.5,3392.5,3392.5,3392.5,3392.5,1607.3,74,73,75,75,73,26,27,25,25,27,75,75,80,80,67,27.917
16.7.2022,50:17.7,3392.5,3392.5,3392.5,3392.5,3392.5,1595.6,71,70,75,72,67,29,30,25,28,33,75,75,76,76,68,27.859
16.7.2022,50:19.9,3469.1,3494,3494,3494,3394.2,1906.5,91,93,84,95,91,9,7,16,5,9,95,95,95,95,67,30.364
16.7.2022,50:22.0,3865.5,3790.7,3790.7,3890.5,3990.2,1866.8,80,79,77,83,82,20,21,23,17,18,81,83,87,87,66,29.774
16.7.2022,50:24.0,3993.2,3993.2,3993.2,3993.2,3993.2,1981.4,88,90,84,91,87,12,10,16,9,13,92,91,90,90,69,31.656
16.7.2022,50:26.1,3293.6,3293.6,3293.6,3293.6,3293.6,1782.5,75,76,77,74,73,25,24,23,26,27,77,77,78,78,68,30.408
16.7.2022,50:28.2,3416.6,3391.7,3391.7,3391.7,3491.5,1677.3,73,70,75,74,73,27,30,25,26,27,75,75,78,78,68,28.965
16.7.2022,50:30.3,3166.5,3191.4,3091.7,3191.4,3191.4,1729.7,71,70,73,70,72,29,30,27,30,28,73,73,78,78,67,28.023
16.7.2022,50:32.3,3441.6,3391.7,3391.7,3491.5,3491.5,1442.8,71,69,75,72,67,29,31,25,28,33,75,75,78,78,67,26.441
16.7.2022,50:34.6,3791.6,3791.6,3791.6,3791.6,3791.6,1464.7,92,95,86,94,94,8,5,14,6,6,96,95,96,96,67,26.963
16.7.2022,50:36.7,3392.5,3392.5,3392.5,3392.5,3392.5,1951.5,72,76,73,70,68,28,24,27,30,32,76,76,80,80,67,31.483
16.7.2022,50:38.7,3391.7,3391.7,3391.7,3391.7,3391.7,1600.3,81,81,82,81,78,20,19,18,19,22,82,82,82,82,69,28.797
16.7.2022,50:40.8,3367.6,3392.5,3292.7,3392.5,3392.5,1975.8,75,74,78,75,74,25,26,22,25,26,78,78,80,80,70,32.417
16.7.2022,50:42.9,3390,3390,3390,3390,3390,1221.7,71,71,73,71,69,29,29,27,29,31,76,73,76,76,69,25.487
16.7.2022,50:45.0,3390.9,3390.9,3390.9,3390.9,3390.9,1774.1,74,72,77,72,73,27,28,23,28,27,76,77,80,80,69,30.586
16.7.2022,50:47.0,3391.7,3391.7,3391.7,3391.7,3391.7,970.3,69,69,74,67,67,31,31,26,33,33,75,74,75,75,68,21.788
16.7.2022,50:49.1,3341.8,3391.7,3391.7,3291.9,3291.9,2159,75,75,76,74,75,25,25,24,26,25,76,76,80,80,68,32.662
16.7.2022,50:51.2,3391.7,3391.7,3391.7,3291.9,3491.5,1012.2,74,76,72,73,74,26,24,28,27,26,76,76,80,80,67,22.158
16.7.2022,50:53.3,3391.7,3391.7,3391.7,3391.7,3391.7,1585.1,73,74,77,71,70,27,26,23,29,30,77,77,79,79,69,28.028
16.7.2022,50:55.4,3291.1,3291.1,3291.1,3291.1,3291.1,957.4,70,74,71,69,67,30,26,29,31,33,74,74,74,74,67,21.181
16.7.2022,50:57.4,3390,3390,3390,3390,3390,1010.3,72,71,73,70,74,28,29,27,30,26,73,74,76,76,66,22.354
16.7.2022,50:59.6,3690,3590.3,3590.3,3789.8,3789.8,1485.2,90,92,87,91,91,10,8,13,9,9,95,92,96,96,67,25.582
16.7.2022,51:01.7,3365.1,3290.3,3290.3,3390,3489.7,1347.1,71,69,74,71,71,29,31,26,29,29,74,74,76,76,66,24.8
16.7.2022,51:03.8,3289.5,3289.5,3289.5,3289.5,3289.5,2069.7,73,73,77,70,70,28,27,23,30,30,77,77,77,77,68,33.524
16.7.2022,51:06.1,3516.4,3691,3391.7,3491.5,3491.5,1829.7,92,93,87,95,93,8,7,13,5,7,95,95,95,95,68,27.299
16.7.2022,51:08.2,3590.3,3590.3,3590.3,3590.3,3590.3,1229.6,72,72,75,69,71,28,28,25,31,29,75,75,81,81,68,25.636
16.7.2022,51:10.2,3543.9,3593.8,3593.8,3494,3494,1121.7,71,71,77,69,68,29,29,23,31,32,77,77,76,76,67,26.11
16.7.2022,51:12.3,3391.7,3391.7,3391.7,3391.7,3391.7,999.2,72,71,75,71,69,29,29,25,29,31,75,75,78,78,67,24.104
16.7.2022,51:14.4,3340.2,3390,3390,3290.3,3290.3,974.9,71,70,72,72,71,29,30,28,28,29,72,72,76,76,67,21.651
16.7.2022,51:16.7,3593,3692.8,3593,3493.2,3593,2081.2,92,94,86,95,93,8,6,14,5,7,94,95,96,96,68,30.189
16.7.2022,51:18.8,3390,3390,3390,3390,3390,1690.5,71,69,70,69,74,30,31,30,31,26,73,74,76,76,67,27.147
16.7.2022,51:20.9,3093.2,3093.2,3093.2,3093.2,3093.2,2047.6,75,80,74,74,70,26,20,26,26,30,80,80,80,80,68,30.691
16.7.2022,51:23.3,3588.6,3688.3,3588.6,3588.6,3488.9,1477.6,91,93,85,95,90,9,7,15,5,10,95,95,94,94,68,24.177
16.7.2022,51:25.3,3639.3,3589.5,3589.5,3589.5,3788.9,2559.1,92,95,87,90,94,9,5,13,10,6,95,95,95,95,69,35.757
16.7.2022,51:27.4,3293.6,3193.8,3293.6,3293.6,3393.4,2053.8,72,73,75,72,69,28,27,25,28,31,75,75,78,78,68,31.135
16.7.2022,51:29.5,3242.1,3192.2,3192.2,3291.9,3291.9,1941.6,74,75,76,73,70,27,25,24,27,30,76,76,79,79,68,30.61
16.7.2022,51:31.9,3517.2,3492.3,3492.3,3492.3,3592.1,1957.9,92,93,87,95,93,8,7,13,5,7,95,95,96,96,68,29.277
16.7.2022,51:33.9,3414.1,3389.2,3389.2,3389.2,3488.9,1355.8,73,71,71,77,74,27,29,29,23,26,77,77,80,80,67,26.137
16.7.2022,51:36.0,3291.9,3291.9,3291.9,3291.9,3291.9,1512.9,72,71,73,69,75,28,29,27,31,25,75,75,78,78,68,29.068
16.7.2022,51:38.2,3415.8,3490.6,3490.6,3291.1,3390.9,2201,91,93,86,95,89,9,7,14,5,11,95,95,95,95,68,31.941
16.7.2022,51:40.6,3440.7,3390.9,3490.6,3390.9,3490.6,1897.9,92,93,87,95,91,9,7,13,5,9,95,95,95,95,67,28.994
16.7.2022,51:42.7,3491.5,3391.7,3391.7,3391.7,3790.7,2837.4,84,85,82,84,84,16,15,18,16,16,85,85,96,96,69,37.453
16.7.2022,51:44.7,3466.5,3491.5,3491.5,3491.5,3391.7,1234.6,73,78,73,68,72,27,22,27,32,28,78,78,76,76,67,25.233
16.7.2022,51:46.8,3691,3391.7,3790.7,3790.7,3790.7,2881.1,91,94,85,91,92,10,6,15,9,8,95,94,95,95,68,37.262
16.7.2022,51:49.8,3491.5,3591.2,3391.7,3591.2,3391.7,1798.7,91,92,86,94,93,9,8,14,6,7,94,94,95,95,68,28.186
16.7.2022,51:51.8,3291.9,3291.9,3291.9,3291.9,3291.9,1790.6,72,76,73,70,68,28,24,27,30,32,76,76,78,78,66,28.431
16.7.2022,51:53.9,3291.9,3291.9,3291.9,3291.9,3291.9,1196.1,70,70,70,68,73,30,30,30,32,27,72,73,73,73,66,23.871
16.7.2022,51:56.0,3342.6,3392.5,3392.5,3292.7,3292.7,2098.6,71,71,74,67,73,29,29,26,33,27,74,74,76,76,66,30.885
16.7.2022,51:58.1,3542.2,3492.3,3492.3,3492.3,3691.9,1963.8,90,97,84,90,88,10,3,16,10,12,97,97,94,94,70,30.593
16.7.2022,52:00.3,3468.2,3393.4,3493.2,3493.2,3493.2,1532.4,92,95,85,96,93,8,5,15,4,7,96,96,96,96,67,26.332
16.7.2022,52:02.3,3491.5,3491.5,3491.5,3491.5,3491.5,2636.4,75,81,75,71,71,26,19,25,29,29,81,81,82,82,69,35.738
16.7.2022,52:04.4,3490.6,3490.6,3490.6,3490.6,3490.6,950.1,73,70,71,72,78,27,30,29,28,22,78,78,78,78,67,22.17
16.7.2022,52:06.5,3390.9,3390.9,3390.9,3390.9,3390.9,2030.8,72,71,75,67,73,29,29,25,33,27,75,75,76,76,68,32.353
16.7.2022,52:08.6,3589.5,3589.5,3589.5,3589.5,3589.5,1325.8,75,73,75,82,71,25,27,25,18,29,82,82,82,82,68,25.432
16.7.2022,52:10.6,3390.9,3390.9,3390.9,3390.9,3390.9,1259.7,71,70,72,73,67,30,30,28,27,33,72,73,77,77,66,23.817
16.7.2022,52:12.8,3765.8,3790.7,3790.7,3890.5,3591.2,2724.2,84,84,85,80,86,16,16,15,20,14,92,86,92,92,70,37.071
16.7.2022,52:14.8,3341.8,3291.9,3291.9,3391.7,3391.7,1389.2,70,68,72,71,69,30,32,28,29,31,72,72,76,76,66,27.941
16.7.2022,52:16.9,3268.6,3293.6,3393.4,3193.8,3193.8,929.7,69,68,73,69,66,31,32,27,31,34,74,73,73,73,66,21.291
16.7.2022,52:19.2,3492.3,3492.3,3392.5,3492.3,3592.1,2640.7,92,95,86,95,91,8,5,14,5,9,95,95,95,95,67,33.855
16.7.2022,52:21.5,3514.7,3489.7,3589.5,3489.7,3489.7,1646.4,91,92,86,94,93,9,8,14,6,7,95,94,95,95,67,27.732
16.7.2022,52:24.6,3394.2,3394.2,3494,3294.4,3394.2,3138.8,92,91,87,95,93,9,9,13,5,7,95,95,95,95,68,37.935
16.7.2022,52:26.9,3490.6,3390.9,3390.9,3590.3,3590.3,2988.5,90,93,86,92,90,10,7,14,8,10,95,93,96,96,68,37.217
16.7.2022,52:29.2,3416.6,3391.7,3491.5,3291.9,3491.5,2330.9,92,93,87,96,92,8,7,13,4,8,95,96,95,95,68,32.442
16.7.2022,52:31.3,3390.9,3390.9,3390.9,3390.9,3390.9,2315.1,70,70,75,68,68,30,30,25,32,32,75,75,77,77,68,35.377
16.7.2022,52:33.4,3288.7,3288.7,3288.7,3288.7,3288.7,2103.8,72,69,74,72,72,28,31,26,28,28,74,74,76,76,68,33.262
16.7.2022,52:35.9,3491.5,3491.5,3491.5,3491.5,3491.5,2427.8,92,93,87,95,93,8,7,13,5,7,96,95,95,95,68,33.788
16.7.2022,52:38.0,3291.1,3291.1,3291.1,3291.1,3291.1,1367.7,71,68,74,72,69,29,32,26,28,31,73,74,79,79,66,24.716
16.7.2022,52:40.2,3641.1,3691,3691,3691,3491.5,2864.4,88,86,84,93,90,12,14,16,7,10,93,93,96,96,69,38.281
16.7.2022,52:42.4,3489.7,3390,3489.7,3489.7,3589.5,2224.7,92,92,88,95,92,8,8,12,5,8,95,95,95,95,68,31.129
16.7.2022,52:44.7,3494,3494,3494,3494,3494,2076.2,92,94,86,95,93,8,6,14,5,7,95,95,95,95,69,30.64
16.7.2022,52:47.2,3418.3,3493.2,3293.6,3393.4,3493.2,2556.6,91,93,84,95,92,9,7,16,5,8,95,95,95,95,68,36.553
16.7.2022,52:49.4,3291.9,3291.9,3291.9,3291.9,3291.9,2224.3,72,71,75,73,69,28,29,25,27,31,75,75,78,78,67,30.901
16.7.2022,52:51.4,3143.1,3093.2,3093.2,3193,3193,2135.7,71,70,72,72,71,29,30,28,28,29,73,72,77,77,66,30.725
16.7.2022,52:54.6,3442.4,3392.5,3492.3,3292.7,3592.1,1963.7,92,92,88,95,93,8,8,12,5,7,95,95,95,95,67,26.576
16.7.2022,52:56.7,3540.5,3690,3490.6,3490.6,3490.6,3228.7,93,94,88,95,94,7,6,12,5,6,94,95,96,96,68,38.677
16.7.2022,52:58.7,3992.2,3992.2,3992.2,3992.2,3992.2,1969.9,88,87,87,88,90,12,13,13,12,10,92,90,97,96,70,36.122
16.7.2022,53:00.8,3316.1,3291.1,3291.1,3291.1,3390.9,1198.2,71,70,72,68,75,29,30,28,32,25,75,75,75,75,68,24.756
16.7.2022,53:03.5,3539.6,3489.7,3589.5,3589.5,3489.7,2174.6,93,94,90,94,95,7,6,10,6,5,95,95,95,95,68,28.532
16.7.2022,53:05.6,3341.8,3291.9,3291.9,3391.7,3391.7,1381.1,72,73,72,75,67,28,27,28,25,33,74,75,77,77,67,28.131
16.7.2022,53:07.7,3943.2,3993.2,3993.2,3893.3,3893.3,2008.4,88,91,83,90,87,12,9,17,10,13,91,91,87,87,68,31.948
16.7.2022,53:09.8,3639.3,3589.5,3589.5,3788.9,3589.5,2470.1,90,87,89,90,92,11,13,11,10,8,95,92,95,95,68,34.361
16.7.2022,53:11.9,3242.1,3192.2,3192.2,3291.9,3291.9,1731.7,72,71,73,73,70,28,29,27,27,30,73,73,77,78,67,31.045
16.7.2022,53:14.2,3513.8,3488.9,3588.6,3488.9,3488.9,1293.4,91,93,84,95,93,9,7,16,5,7,95,95,94,94,67,24.645
16.7.2022,53:16.2,3193,3193,3193,3193,3193,2566.7,71,70,73,71,68,30,30,27,29,32,73,73,77,77,66,33.455
16.7.2022,53:18.3,3266.2,3191.4,3291.1,3291.1,3291.1,922.8,70,70,74,66,71,30,30,26,34,29,74,74,74,74,66,20.573
16.7.2022,53:20.5,3542.2,3392.5,3492.3,3592.1,3691.9,1322.7,92,91,87,95,93,9,9,13,5,7,96,95,94,94,67,23.555
16.7.2022,53:22.6,3518.1,3493.2,3493.2,3493.2,3593,3225.8,92,93,86,95,93,8,7,14,5,7,95,95,95,95,67,39.212
16.7.2022,53:24.8,3513.8,3488.9,3588.6,3588.6,3389.2,2458.9,91,92,85,94,91,10,8,15,6,9,95,94,95,95,68,33.507
16.7.2022,53:26.9,3591.2,3591.2,3691,3591.2,3491.5,1624.1,92,93,87,95,93,8,7,13,5,7,95,95,96,96,68,27.09
16.7.2022,53:29.2,3440.7,3390.9,3490.6,3490.6,3390.9,3092,91,94,84,95,90,9,6,16,5,10,95,95,95,95,68,38.814
16.7.2022,53:31.3,3391.7,3391.7,3391.7,3391.7,3391.7,2592,74,73,77,73,71,27,27,23,27,29,77,77,81,81,68,35.991
16.7.2022,53:33.4,3093.2,3093.2,3093.2,3093.2,3093.2,1208.8,73,74,75,73,71,27,26,25,27,29,75,75,77,77,68,24.551
16.7.2022,53:35.5,3516.4,3491.5,3491.5,3491.5,3591.2,2623.9,78,76,78,82,74,23,24,22,18,26,79,82,84,84,68,34.497
16.7.2022,53:37.5,3441.6,3491.5,3491.5,3391.7,3391.7,1295.9,75,76,77,74,71,26,24,23,26,29,77,77,80,80,68,23.698
16.7.2022,53:39.8,3837.8,3688.3,3688.3,3987.3,3987.3,2990.2,91,92,87,91,93,9,8,13,9,7,94,93,95,95,68,36.346
16.7.2022,53:41.9,3641.1,3691,3591.2,3591.2,3691,2407.1,93,94,89,95,92,8,6,11,5,8,95,95,95,95,68,34.402
16.7.2022,53:44.1,3490.6,3490.6,3390.9,3490.6,3590.3,2370.4,92,93,88,92,94,8,7,12,8,6,95,94,95,95,69,33.988
16.7.2022,53:46.2,3291.9,3291.9,3291.9,3291.9,3291.9,1965.1,71,70,75,68,71,29,30,25,32,29,75,75,77,77,68,30.488
16.7.2022,53:48.3,3315.3,3290.3,3390,3290.3,3290.3,2145,82,82,84,79,81,19,18,16,21,19,85,84,86,86,69,33.631
16.7.2022,53:50.4,3588.6,3588.6,3588.6,3588.6,3588.6,1491.2,91,94,87,95,87,9,6,13,5,13,95,95,94,94,69,25.276
16.7.2022,53:52.5,3391.7,3391.7,3391.7,3391.7,3391.7,1110.8,72,73,75,73,68,28,27,25,27,32,75,75,79,79,68,23.493
16.7.2022,53:54.6,3391.7,3391.7,3391.7,3391.7,3391.7,1026.9,73,71,72,78,69,28,29,28,22,31,78,78,77,77,68,24.557
16.7.2022,53:56.8,3491.5,3491.5,3491.5,3491.5,3491.5,2182.3,92,93,86,95,93,8,7,14,5,7,95,95,95,95,68,32.18
16.7.2022,53:59.4,3391.7,3491.5,3291.9,3491.5,3291.9,2322.1,91,95,84,95,91,9,5,16,5,9,95,95,96,96,69,32.296
16.7.2022,54:01.5,3291.9,3291.9,3291.9,3291.9,3291.9,2445,71,70,75,67,71,29,30,25,33,29,75,75,75,75,67,33.736
16.7.2022,54:03.5,3291.9,3291.9,3291.9,3291.9,3291.9,2127.1,74,73,76,71,75,26,27,24,29,25,76,76,81,81,68,31.874
16.7.2022,54:05.6,3316.1,3390.9,3390.9,3390.9,3091.7,1112.5,71,69,74,70,72,29,31,26,30,28,74,74,75,75,69,24.309
16.7.2022,54:07.7,3316.1,3390.9,3291.1,3291.1,3291.1,1290.8,72,74,73,69,70,29,26,27,31,30,74,74,79,79,67,25.036
16.7.2022,54:09.8,3291.9,3291.9,3291.9,3291.9,3291.9,2017.1,74,77,72,71,75,26,23,28,29,25,77,77,77,77,67,30.507
16.7.2022,54:12.2,3468.2,3493.2,3493.2,3493.2,3393.4,2809,92,92,86,95,94,8,8,14,5,6,95,95,95,95,69,36.582
16.7.2022,54:14.3,3593.8,3494,3693.7,3693.7,3494,2492.8,92,94,86,93,93,9,6,14,7,7,95,94,96,96,68,33.289
16.7.2022,54:16.4,3391.7,3391.7,3391.7,3391.7,3391.7,1363.1,71,70,71,68,74,29,30,29,32,26,74,74,75,75,67,24.689
16.7.2022,54:18.5,3993.2,3993.2,3993.2,3993.2,3993.2,2096.4,88,87,79,95,90,12,13,21,5,10,87,95,89,89,69,30.951
16.7.2022,54:20.8,3467.4,3392.5,3392.5,3592.1,3492.3,2297.9,90,90,83,94,92,10,10,17,6,8,93,94,95,95,67,34.362
16.7.2022,54:22.8,3316.9,3291.9,3291.9,3291.9,3391.7,1257.8,72,69,70,77,72,28,31,30,23,28,78,77,77,77,66,24.909
16.7.2022,54:24.9,3392.5,3392.5,3392.5,3392.5,3392.5,930.6,74,77,76,75,69,26,23,24,25,31,77,77,79,79,66,21.51
16.7.2022,54:27.0,3392.5,3392.5,3392.5,3392.5,3392.5,2319.1,78,79,78,81,74,22,21,22,19,26,80,81,81,81,67,33.281
16.7.2022,54:29.1,3841.5,3891.4,3891.4,3791.6,3791.6,2417.4,88,90,84,82,95,12,10,16,18,5,92,95,96,96,69,35.438
16.7.2022,54:31.2,3364.3,3289.5,3389.2,3389.2,3389.2,1317.3,73,72,74,74,72,27,28,26,26,28,73,74,77,77,68,25.588
16.7.2022,54:33.3,3790.7,3591.2,3591.2,3990.2,3990.2,2102.1,90,92,86,92,88,11,8,14,8,12,94,92,94,94,68,30.603
16.7.2022,54:35.4,3317.7,3392.5,3292.7,3292.7,3292.7,1008.7,72,76,72,72,66,29,24,28,28,34,76,76,76,76,66,21.481
16.7.2022,54:37.9,3491.5,3391.7,3491.5,3391.7,3691,1612.6,92,91,87,96,92,9,9,13,4,8,96,96,95,95,68,25.932
16.7.2022,54:40.2,3492.3,3392.5,3492.3,3592.1,3492.3,2200.8,90,92,84,93,92,10,8,16,7,8,96,93,95,95,67,32.559
16.7.2022,54:42.4,3565.4,3390.9,3590.3,3690,3590.3,2466.3,91,91,87,94,91,9,9,13,6,9,95,94,95,95,68,35.637
16.7.2022,54:44.6,3491.5,3491.5,3491.5,3491.5,3491.5,2069.2,91,94,85,95,91,9,6,15,5,9,94,95,94,94,68,31.051
16.7.2022,54:46.8,3439.9,3290.3,3290.3,3290.3,3888.6,1982.9,75,71,73,74,81,25,29,27,26,19,72,81,95,95,66,29.496
16.7.2022,54:48.9,3242.1,3192.2,3192.2,3291.9,3291.9,2625.6,72,71,76,72,69,28,29,24,28,31,76,76,78,78,68,35.694
16.7.2022,54:51.0,3391.7,3391.7,3391.7,3391.7,3391.7,3095.3,77,77,77,74,81,23,23,23,26,19,81,81,82,82,70,37.684
16.7.2022,54:53.1,3442.4,3392.5,3392.5,3492.3,3492.3,3030.2,92,94,86,95,91,9,6,14,5,9,96,95,95,95,68,36.855
16.7.2022,54:55.5,3465.7,3390.9,3490.6,3490.6,3490.6,3054.2,92,93,87,95,92,8,7,13,5,8,95,95,94,94,68,37.017
16.7.2022,54:57.6,3516.4,3491.5,3391.7,3591.2,3591.2,3271.8,92,95,89,95,90,8,5,11,5,10,95,95,95,95,69,37.808
16.7.2022,54:59.8,3616.2,3591.2,3491.5,3691,3691,3310.9,92,93,89,94,93,8,7,11,6,7,95,94,97,97,69,38.53
16.7.2022,55:02.1,3565.4,3789.8,3490.6,3490.6,3490.6,2995.1,92,92,87,95,93,8,8,13,5,7,95,95,95,95,69,36.61
16.7.2022,55:04.1,2994.9,2994.9,2994.9,2994.9,2994.9,3118.8,76,75,77,77,75,24,25,23,23,25,77,77,79,79,70,37.013
16.7.2022,55:06.3,3416.6,3491.5,3391.7,3391.7,3391.7,2797.2,91,94,86,95,88,9,6,14,5,12,94,95,96,96,69,35.084
16.7.2022,55:08.6,3691,3990.2,3491.5,3591.2,3691,1800.9,91,92,84,94,95,9,8,16,6,5,94,95,95,95,67,26.743
16.7.2022,55:11.6,3565.4,3490.6,3590.3,3590.3,3590.3,3403,91,91,85,94,92,10,9,15,6,8,95,94,95,95,68,38.704
16.7.2022,55:14.0,3541.3,3591.2,3491.5,3591.2,3491.5,2066.5,92,92,87,95,93,8,8,13,5,7,96,95,95,95,68,29.355
16.7.2022,55:16.0,3292.7,3292.7,3292.7,3292.7,3292.7,3108.6,75,77,77,75,72,25,23,23,25,28,77,77,81,81,70,36.878
16.7.2022,55:18.5,3494,3494,3593.8,3394.2,3494,2500.4,93,94,89,95,93,7,6,11,5,7,95,95,95,95,70,32.43
16.7.2022,55:21.0,3516.4,3391.7,3591.2,3591.2,3491.5,3398.2,90,93,84,93,91,10,7,16,7,9,94,93,95,95,68,38.375
16.7.2022,55:23.2,3440.7,3490.6,3390.9,3490.6,3390.9,3355.8,92,93,87,94,92,9,7,13,6,8,94,94,95,95,70,38.281
16.7.2022,55:25.3,3592.1,3691.9,3691.9,3492.3,3492.3,2955.6,95,95,91,97,95,6,5,9,3,5,97,97,96,96,71,38.29
16.7.2022,55:27.7,3468.2,3493.2,3393.4,3493.2,3493.2,2843.5,93,94,87,95,96,7,6,13,5,4,94,96,95,95,70,35.867
16.7.2022,55:29.8,3689.2,3888.6,3689.2,3589.5,3589.5,2782.7,91,93,83,95,93,9,7,17,5,7,93,95,93,93,69,35.591
16.7.2022,55:31.9,3919.3,3994.2,3994.2,3794.5,3894.3,2352.3,89,90,83,86,95,12,10,17,14,5,90,95,96,96,70,32.652
16.7.2022,55:34.3,3391.7,3591.2,3391.7,3291.9,3291.9,3212.2,92,91,88,96,92,8,9,12,4,8,96,96,94,96,68,37.828
16.7.2022,55:36.4,3417.5,3492.3,3392.5,3392.5,3392.5,3129.1,93,94,87,96,93,8,6,13,4,7,94,96,96,96,70,38.372
16.7.2022,55:40.2,3492.3,3292.7,3492.3,3592.1,3592.1,2715.6,92,94,88,94,92,8,6,12,6,8,96,94,95,95,68,34.825
16.7.2022,55:42.3,3516.4,3491.5,3491.5,3491.5,3591.2,3126.6,93,94,86,95,95,8,6,14,5,5,96,95,96,96,70,37.583
16.7.2022,55:44.4,3369.2,3394.2,3394.2,3294.4,3394.2,1368.8,75,73,73,80,75,25,27,27,20,25,79,80,81,81,68,27.662
16.7.2022,55:46.5,3491.5,3491.5,3491.5,3491.5,3491.5,2396.9,78,83,77,77,73,23,17,23,23,27,83,83,81,81,72,34.807
16.7.2022,55:48.5,3292.7,3292.7,3292.7,3292.7,3292.7,1730.2,75,73,75,78,72,26,27,25,22,28,78,78,83,83,68,31.389
16.7.2022,55:50.6,3642,3492.3,3592.1,3791.6,3691.9,1896.2,90,91,84,94,90,10,9,16,6,10,94,94,96,96,70,29.895
16.7.2022,55:52.7,3814.7,3789.8,3989.2,3690,3789.8,2870.5,89,85,87,96,88,11,15,13,4,12,92,96,92,92,71,38.482
16.7.2022,55:54.8,3344.3,3294.4,3294.4,3394.2,3394.2,1160.1,73,71,76,74,71,27,29,24,26,29,75,76,80,80,68,23.53
16.7.2022,55:56.9,3292.7,3292.7,3292.7,3292.7,3292.7,1180.1,70,69,71,72,69,30,31,29,28,31,73,72,76,76,69,23.846
16.7.2022,55:59.0,3741.8,3691.9,3691.9,3592.1,3991.2,1991.2,92,94,88,97,89,8,6,12,3,11,94,97,96,96,71,35.472
16.7.2022,56:01.1,3441.6,3491.5,3491.5,3391.7,3391.7,999.2,78,80,78,76,77,22,20,22,24,23,80,80,82,82,69,22.898
16.7.2022,56:03.1,3191.4,3191.4,3191.4,3191.4,3191.4,1305.7,72,71,74,73,71,28,29,26,27,29,74,74,76,76,68,24.046
16.7.2022,56:05.2,3340.2,3390,3390,3290.3,3290.3,2537.3,73,71,75,74,71,27,29,25,26,29,75,75,79,79,69,34.455
16.7.2022,56:07.3,3341,3291.1,3291.1,3390.9,3390.9,1722.5,75,80,75,71,73,25,20,25,29,27,80,80,80,80,68,28.845
16.7.2022,56:09.4,3366.8,3291.9,3391.7,3391.7,3391.7,1408.9,75,74,76,76,72,26,26,24,24,28,76,76,82,82,68,25.884
16.7.2022,56:11.4,3543.1,3493.2,3493.2,3593,3593,1185.8,78,76,79,75,82,22,24,21,25,18,81,82,81,81,68,23.244
16.7.2022,56:13.5,3491.5,3491.5,3491.5,3491.5,3491.5,1280.4,75,76,76,78,71,25,24,24,22,29,77,78,80,80,68,24.603
16.7.2022,56:15.7,3713.2,3788,3688.3,3688.3,3688.3,1637,93,94,89,92,95,8,6,11,8,5,94,95,97,97,69,31.08
16.7.2022,56:17.7,3416.6,3491.5,3391.7,3391.7,3391.7,1332.9,71,71,74,68,72,29,29,26,32,28,74,74,77,77,68,26.123
16.7.2022,56:19.8,3392.5,3392.5,3392.5,3392.5,3392.5,1329.8,72,77,72,73,67,28,23,28,27,33,77,77,80,80,67,24.647
16.7.2022,56:22.0,3439.1,3389.2,3389.2,3488.9,3488.9,2210.4,90,92,87,89,91,10,8,13,11,9,95,92,95,95,69,32.109
16.7.2022,56:24.1,3366.8,3291.9,3391.7,3391.7,3391.7,1407.3,77,79,77,77,75,23,21,23,23,25,79,79,82,82,67,25.324
16.7.2022,56:26.4,3541.3,3291.9,3391.7,3691,3790.7,1667.8,91,92,84,94,93,9,8,16,6,7,95,94,94,94,68,27.196
16.7.2022,56:28.4,3341.8,3391.7,3391.7,3291.9,3291.9,2704.8,78,78,81,79,75,22,22,19,21,25,81,81,81,81,69,38.128
16.7.2022,56:30.6,3889.5,3889.5,3889.5,3889.5,3889.5,1973.1,90,82,89,94,96,10,18,11,6,4,94,96,96,96,70,30.665
16.7.2022,56:32.8,3413.3,3388.4,3388.4,3388.4,3488,2616.3,91,90,87,95,92,9,10,13,5,8,95,95,96,96,68,37.389
16.7.2022,56:35.1,3588.6,3788,3488.9,3588.6,3488.9,2598.6,92,95,86,94,94,8,5,14,6,6,95,95,95,95,69,35.327
16.7.2022,56:37.1,3192.2,3192.2,3291.9,3092.4,3192.2,2695.3,72,71,75,74,69,28,29,25,26,31,75,75,79,79,68,35.011
16.7.2022,56:39.2,3167.3,3192.2,3291.9,3092.4,3092.4,2461.4,74,78,73,74,72,26,22,27,26,28,78,78,77,77,69,34.207
16.7.2022,56:41.4,3789.8,3789.8,3889.5,3690,3789.8,1211.2,85,90,79,94,78,15,10,21,6,22,90,94,94,94,69,23.447
16.7.2022,56:43.4,3492.3,3492.3,3492.3,3492.3,3492.3,2680.9,90,92,87,94,88,10,8,13,6,12,93,94,95,95,69,38.676
16.7.2022,56:45.8,3364.3,3389.2,3289.5,3488.9,3289.5,2187.4,92,92,87,94,93,9,8,13,6,7,94,94,94,94,70,32.363
16.7.2022,56:48.3,3492.3,3492.3,3492.3,3492.3,3492.3,2890,92,94,87,95,91,8,6,13,5,9,94,95,96,95,67,37.991
16.7.2022,56:50.6,3638.4,3488.9,3788,3688.3,3588.6,2205.6,92,93,87,94,94,8,7,13,6,6,95,94,95,95,68,30.298
16.7.2022,56:53.0,3466.5,3491.5,3491.5,3391.7,3491.5,2497.9,91,92,87,94,92,9,8,13,6,8,95,94,95,95,68,33.241
16.7.2022,56:55.1,3390.9,3390.9,3390.9,3390.9,3390.9,2476.4,72,74,74,69,72,28,26,26,31,28,74,74,78,78,67,33.05
16.7.2022,56:57.2,3841.5,3791.6,3791.6,3791.6,3991.2,2805.1,89,91,86,84,93,12,9,14,16,7,95,93,96,96,70,36.851
16.7.2022,56:59.6,3416.6,3391.7,3391.7,3391.7,3491.5,1612.2,91,94,86,94,91,9,6,14,6,9,95,94,95,95,67,25.749
16.7.2022,57:01.6,2992.7,2992.7,2992.7,2992.7,2992.7,2849,76,78,76,75,76,24,22,24,25,24,78,78,82,82,70,37.516
16.7.2022,57:03.9,3464,3389.2,3389.2,3488.9,3588.6,2809.7,90,92,85,94,90,10,8,15,6,10,95,94,95,95,69,37.875
16.7.2022,57:06.0,3242.8,3193,3193,3292.7,3292.7,2009.6,71,73,70,67,75,29,27,30,33,25,73,75,80,80,68,29.585
16.7.2022,57:08.3,3443.3,3293.6,3493.2,3393.4,3593,2058,90,90,83,95,91,10,10,17,5,9,95,95,94,94,70,31.26
16.7.2022,57:10.5,3339.4,3389.2,3389.2,3289.5,3289.5,3066.7,90,89,85,95,92,10,11,15,5,8,95,95,95,95,68,39.412
16.7.2022,57:12.5,3291.1,3291.1,3291.1,3291.1,3291.1,2317.4,72,73,74,71,70,28,27,26,29,30,75,74,79,79,68,32.443
16.7.2022,57:14.7,3441.6,3391.7,3391.7,3491.5,3491.5,1036.7,75,76,75,76,72,25,24,25,24,28,76,76,83,83,69,23.354
16.7.2022,57:16.7,3541.3,3491.5,3491.5,3491.5,3691,1055.1,73,70,77,71,75,27,30,23,29,25,76,77,80,80,68,23.392
16.7.2022,57:18.8,3541.3,3591.2,3591.2,3491.5,3491.5,1023.5,77,77,75,77,80,23,23,25,23,20,79,80,82,82,67,21.909
16.7.2022,57:20.9,3790.7,3890.5,3890.5,3691,3691,2664.3,86,88,86,85,85,14,12,14,15,15,88,88,96,96,71,36.935
16.7.2022,57:23.4,3391.7,3491.5,3391.7,3391.7,3291.9,2756,91,94,86,95,89,9,6,14,5,11,95,95,95,95,68,38.64
16.7.2022,57:25.5,3543.1,3992.2,3393.4,3393.4,3393.4,2854.9,91,93,87,93,92,9,7,13,7,8,96,93,96,96,67,38.246
16.7.2022,57:27.6,3390.9,3390.9,3390.9,3390.9,3390.9,2334.7,76,78,77,72,78,24,22,23,28,22,78,78,80,80,69,33.923
16.7.2022,57:29.8,3516.4,3491.5,3591.2,3591.2,3391.7,2680.1,93,94,89,93,96,7,6,11,7,4,94,96,94,94,69,33.59
16.7.2022,57:31.9,3415,3190.6,3489.7,3489.7,3489.7,2654.5,90,92,87,94,88,10,8,13,6,12,94,94,94,94,70,38.853
16.7.2022,57:34.0,3341.8,3291.9,3291.9,3391.7,3391.7,1799.9,72,76,71,72,69,28,24,29,28,31,76,76,75,75,69,29.858
16.7.2022,57:36.1,3492.3,3492.3,3492.3,3592.1,3392.5,2586.6,93,92,93,93,95,7,8,7,7,5,96,95,95,95,69,36.617
16.7.2022,57:38.2,3316.1,3291.1,3291.1,3291.1,3390.9,1216,74,78,75,70,74,26,22,25,30,26,78,78,78,78,68,23.619
16.7.2022,57:40.3,3242.1,3192.2,3192.2,3291.9,3291.9,943.3,70,69,72,66,73,30,31,28,34,27,73,73,76,76,69,20.736
16.7.2022,57:42.4,3715.9,3691,3691,3691,3790.7,1950.5,76,76,78,72,77,24,24,22,28,23,79,78,85,85,69,32.874
16.7.2022,57:44.5,3019.8,2994.9,2994.9,2994.9,3094.7,1148.1,70,70,72,69,70,30,30,28,31,30,72,72,75,75,66,23.229
16.7.2022,57:46.7,3465.7,3490.6,3490.6,3490.6,3390.9,1694.8,92,93,86,95,92,9,7,14,5,8,95,95,95,95,68,26.851
16.7.2022,57:49.0,3666.9,3891.4,3492.3,3691.9,3592.1,1921.2,89,84,89,94,90,11,16,11,6,10,87,94,94,94,68,29.705
16.7.2022,57:51.1,3044.1,3094,3094,2994.2,2994.2,1910.1,70,73,71,69,66,30,27,29,31,34,73,73,74,74,67,31.01
16.7.2022,57:53.2,3715,3590.3,3889.5,3690,3690,1177.3,91,91,87,94,90,10,9,13,6,10,94,94,95,95,68,22.161
16.7.2022,57:55.3,3168,3193,3093.2,3193,3193,2782.9,76,75,79,76,75,24,25,21,24,25,79,79,81,81,70,38.716
16.7.2022,57:57.4,3294.4,3294.4,3294.4,3294.4,3294.4,2207.1,74,78,74,74,71,26,22,26,26,29,78,78,81,81,69,33.66
16.7.2022,57:59.7,3391.7,3591.2,3391.7,3291.9,3291.9,1621.8,92,95,85,96,90,9,5,15,4,10,95,96,95,95,68,25.905
16.7.2022,58:01.9,3691.9,3492.3,3991.2,3791.6,3492.3,2853.8,92,96,93,97,82,8,4,7,3,18,96,97,96,96,72,38.575
16.7.2022,58:04.0,3540.5,3690,3690,3390.9,3390.9,2689.2,83,84,85,83,81,17,16,15,17,19,87,85,90,90,70,36.321
16.7.2022,58:06.0,3839.6,3690,3889.5,3889.5,3889.5,2420.5,89,85,84,94,91,12,15,16,6,9,94,94,96,96,69,32.727
16.7.2022,58:09.5,3515.5,3390.9,3590.3,3590.3,3490.6,2289.2,90,92,87,92,89,10,8,13,8,11,95,92,94,94,69,32.693
16.7.2022,58:11.7,3490.6,3390.9,3490.6,3590.3,3490.6,2922.8,92,91,86,95,95,8,9,14,5,5,94,95,95,95,69,36.558
16.7.2022,58:13.7,3316.9,3391.7,3291.9,3291.9,3291.9,2374.5,74,71,73,78,73,26,29,27,22,27,77,78,82,82,68,32.204
16.7.2022,58:15.8,3964.3,3989.2,3989.2,3989.2,3889.5,1381.7,85,86,88,83,84,15,14,12,17,16,88,88,93,93,70,29.341
16.7.2022,58:17.9,3916.4,3891.4,3891.4,3891.4,3991.2,2511.4,93,94,94,91,91,8,6,6,9,9,94,94,95,95,70,34.71
16.7.2022,58:19.9,3392.5,3392.5,3392.5,3392.5,3392.5,964,72,73,75,70,70,28,27,25,30,30,75,75,78,78,67,22.612
16.7.2022,58:22.0,3539.6,3589.5,3589.5,3489.7,3489.7,880.2,72,70,76,73,68,28,30,24,27,32,77,76,77,77,67,21.322
16.7.2022,58:24.2,3467.4,3392.5,3492.3,3392.5,3592.1,1885.7,92,92,85,95,94,9,8,15,5,6,95,95,96,96,68,29.133
16.7.2022,58:26.3,3666,3491.5,3491.5,3790.7,3890.5,1351.4,76,71,74,81,77,24,29,26,19,23,78,81,87,87,67,26.211
16.7.2022,58:28.4,3917.3,3892.4,3992.2,3892.4,3892.4,1359.4,89,90,86,85,96,11,10,14,15,4,93,96,95,95,70,27.836
16.7.2022,58:30.5,3538.7,3488.9,3488.9,3588.6,3588.6,2975.8,92,93,86,94,93,9,7,14,6,7,94,94,95,95,68,38.615
16.7.2022,58:32.9,3439.9,3489.7,3390,3390,3489.7,1971.9,91,93,87,96,89,9,7,13,4,11,95,96,95,95,67,29.394
16.7.2022,58:35.2,3515.5,3490.6,3590.3,3490.6,3490.6,2272.6,91,91,87,95,91,9,9,13,5,9,95,95,95,95,68,33.851
16.7.2022,58:37.3,3191.4,3191.4,3191.4,3191.4,3191.4,2396.6,75,74,76,74,74,26,26,24,26,26,76,76,79,79,68,34.877
16.7.2022,58:39.4,3691.9,3691.9,3691.9,3691.9,3691.9,2846.4,91,93,86,94,92,9,7,14,6,8,94,94,94,94,69,38.145
16.7.2022,58:41.7,3418.3,3393.4,3393.4,3393.4,3493.2,2240.3,91,90,85,95,93,9,10,15,5,7,95,95,95,95,70,33.205
16.7.2022,58:43.9,3588.6,3588.6,3588.6,3588.6,3588.6,2414,92,91,90,90,95,9,9,10,10,5,94,95,95,95,70,33.313
16.7.2022,58:45.9,3292.7,3292.7,3292.7,3292.7,3292.7,2297.7,74,74,74,74,75,26,26,26,26,25,74,75,79,79,70,34.515
16.7.2022,58:48.0,3095.5,3095.5,3095.5,3095.5,3095.5,2859.8,80,80,80,79,81,20,20,20,21,19,81,81,81,81,71,37.261
16.7.2022,58:50.4,3365.9,3490.6,3291.1,3291.1,3390.9,2373.3,91,92,85,96,91,9,8,15,4,9,95,96,95,95,68,31.082
16.7.2022,58:53.3,3394.2,3494,3294.4,3394.2,3394.2,3326.2,93,95,86,95,94,8,5,14,5,6,95,95,95,95,70,37.953
16.7.2022,58:55.6,3492.3,3392.5,3791.6,3392.5,3392.5,3324.5,92,91,91,94,91,8,9,9,6,9,95,94,95,95,68,37.944
16.7.2022,58:58.0,3416.6,3391.7,3491.5,3391.7,3391.7,3368.9,92,93,85,95,93,9,7,15,5,7,95,95,95,95,70,37.898
16.7.2022,59:00.2,3464,3688.3,3588.6,3289.5,3289.5,3307.2,92,93,87,96,90,9,7,13,4,10,93,96,95,95,71,37.905
16.7.2022,59:02.5,3341.8,3291.9,3291.9,3391.7,3391.7,2907.6,90,91,85,95,90,10,9,15,5,10,95,95,95,95,70,38.061
16.7.2022,59:05.5,3342.6,3292.7,3392.5,3292.7,3392.5,2725.2,91,91,85,95,93,9,9,15,5,7,95,95,95,95,70,33.913
16.7.2022,59:07.9,3341,3390.9,3291.1,3291.1,3390.9,3220.9,91,91,88,94,91,9,9,12,6,9,95,94,95,95,71,37.86
16.7.2022,59:10.8,3416.6,3491.5,3391.7,3391.7,3391.7,2932.6,91,92,85,95,93,9,8,15,5,7,94,95,95,95,68,37.328
16.7.2022,59:12.8,3390.9,3390.9,3390.9,3390.9,3390.9,2386.9,77,80,77,75,74,24,20,23,25,26,80,80,81,81,70,34.565
16.7.2022,59:14.9,3915.4,3691,3990.2,3990.2,3990.2,1130.2,88,82,86,91,92,12,18,14,9,8,84,92,97,97,68,24.413
16.7.2022,59:17.1,3616.2,3890.5,3890.5,3291.9,3391.7,2172.4,92,89,86,95,96,9,11,14,5,4,94,96,96,96,69,30.97
16.7.2022,59:19.1,3289.5,3289.5,3289.5,3289.5,3289.5,1122.1,71,70,74,72,68,29,30,26,28,32,74,74,75,75,68,23.387
16.7.2022,59:21.2,3267.8,3292.7,3292.7,3292.7,3193,894.3,71,70,75,69,68,30,30,25,31,32,75,75,77,77,67,20.208
16.7.2022,59:23.5,3390.9,3390.9,3291.1,3291.1,3590.3,2347.3,92,92,85,96,93,9,8,15,4,7,95,96,96,96,70,31.309
16.7.2022,59:25.9,3491.5,3591.2,3491.5,3391.7,3491.5,2574.6,91,94,86,95,90,9,6,14,5,10,95,95,93,93,70,34.058
16.7.2022,59:27.9,3341.8,3291.9,3291.9,3391.7,3391.7,1776.9,73,74,75,71,70,28,26,25,29,30,75,75,80,80,69,31.125
16.7.2022,59:30.1,3840.6,3990.2,3890.5,3990.2,3491.5,1209.2,92,92,90,90,95,8,8,10,10,5,92,95,95,95,68,24.093
16.7.2022,59:32.2,3369.2,3394.2,3294.4,3394.2,3394.2,2592.5,72,71,73,75,69,28,29,27,25,31,75,75,81,81,69,34.051
16.7.2022,59:34.5,3440.7,3490.6,3490.6,3390.9,3390.9,2624,91,94,84,95,91,9,6,16,5,9,95,95,96,96,69,36.53
16.7.2022,59:36.9,3441.6,3491.5,3391.7,3391.7,3491.5,2760.9,92,94,87,95,92,8,6,13,5,8,94,95,95,95,70,35.818
16.7.2022,59:38.9,3993.2,3993.2,3993.2,3993.2,3993.2,2837.9,84,83,83,80,89,16,17,17,20,11,88,89,90,90,71,36.003
16.7.2022,59:41.2,3440.7,3590.3,3390.9,3490.6,3291.1,3196.2,92,92,88,94,93,8,8,12,6,7,94,94,95,95,70,37.913
16.7.2022,59:43.3,3715,3690,3690,3490.6,3989.2,2679.4,90,93,85,96,86,10,7,15,4,14,95,96,96,96,71,34.64
16.7.2022,59:45.6,3488.9,3389.2,3488.9,3389.2,3688.3,2153.6,92,92,86,95,94,8,8,14,5,6,95,95,96,96,69,30.984
16.7.2022,59:47.8,3392.5,3392.5,3392.5,3392.5,3392.5,2279.2,91,91,86,95,92,9,9,14,5,8,95,95,95,95,70,32.113
16.7.2022,59:49.9,3041.8,2991.9,2991.9,3091.7,3091.7,2479.5,72,72,75,71,69,28,28,25,29,31,75,75,74,74,70,34.715
16.7.2022,59:52.1,3465.7,3390.9,3390.9,3390.9,3690,2212.5,91,94,84,95,92,9,6,16,5,8,95,95,95,95,70,30.324
16.7.2022,59:54.2,3019.8,2994.9,2994.9,2994.9,3094.7,1645.3,71,71,75,70,69,29,29,25,30,31,75,75,76,76,69,27.623
16.7.2022,59:56.2,2994.9,2994.9,2994.9,2994.9,2994.9,2807.5,74,74,75,74,71,27,26,25,26,29,75,75,78,78,71,36.364
16.7.2022,59:58.4,3517.2,3492.3,3492.3,3492.3,3592.1,2905.4,89,89,87,90,91,11,11,13,10,9,94,91,95,95,71,35.062
16.7.2022,00:00.6,3417.5,3691.9,3492.3,3292.7,3193,2936.8,90,91,85,94,91,10,9,15,6,9,95,94,95,95,70,36.292
16.7.2022,00:02.6,3190.6,3190.6,3190.6,3190.6,3190.6,1539.2,72,73,73,74,69,28,27,27,26,31,73,74,76,76,70,27.429
16.7.2022,00:04.7,3565.4,3490.6,3590.3,3590.3,3590.3,2726.3,92,95,87,94,90,9,5,13,6,10,95,95,96,96,71,34.068
16.7.2022,00:07.8,3416.6,3391.7,3491.5,3391.7,3391.7,2638.2,92,94,85,95,95,8,6,15,5,5,95,95,95,95,69,33.358
16.7.2022,00:10.0,3441.6,3391.7,3491.5,3391.7,3491.5,3149.6,92,94,89,94,89,9,6,11,6,11,96,94,94,94,69,37.647
16.7.2022,00:12.4,3418.3,3493.2,3493.2,3293.6,3393.4,1772.9,91,92,84,95,91,10,8,16,5,9,95,95,95,95,70,27.553
16.7.2022,00:14.9,3464.8,3489.7,3489.7,3390,3489.7,3179.4,91,93,86,95,91,9,7,14,5,9,94,95,96,96,70,38.608
16.7.2022,00:17.0,3440.7,3390.9,3390.9,3490.6,3490.6,2802.5,75,77,76,77,71,25,23,24,23,29,77,77,84,84,70,35.525
16.7.2022,00:19.1,3792.6,3792.6,3692.8,3892.4,3792.6,3088.8,92,95,86,91,95,8,5,14,9,5,95,95,96,96,71,36.952
16.7.2022,00:21.6,3440.7,3390.9,3390.9,3390.9,3590.3,3169.9,93,95,87,95,94,7,5,13,5,6,95,95,94,94,71,37.37
16.7.2022,00:23.7,3716.8,3991.2,3891.4,3492.3,3492.3,3147,89,91,87,94,83,11,9,13,6,17,95,94,96,96,72,37.776
16.7.2022,00:26.2,3416.6,3391.7,3491.5,3391.7,3391.7,3083.1,92,95,86,95,91,8,5,14,5,9,95,95,95,95,71,36.53
16.7.2022,00:28.8,3517.2,3492.3,3492.3,3492.3,3592.1,3289.1,92,95,87,95,91,8,5,13,5,9,95,95,95,95,70,37.435
16.7.2022,00:31.2,3416.6,3391.7,3391.7,3491.5,3391.7,3335.5,92,94,87,94,93,8,6,13,6,7,95,94,95,95,69,37.79
16.7.2022,00:33.4,3815.7,3890.5,3990.2,3691,3691,3146.9,90,84,89,95,90,11,16,11,5,10,91,95,96,96,71,37.797
16.7.2022,00:35.8,3390.9,3390.9,3390.9,3390.9,3390.9,3349.3,93,96,88,95,93,7,4,12,5,7,96,96,96,96,70,37.382
16.7.2022,00:38.0,3441.6,3391.7,3391.7,3391.7,3591.2,3380.8,92,92,88,95,93,8,8,12,5,7,96,95,96,96,70,37.71
16.7.2022,00:40.1,3492.3,3492.3,3492.3,3492.3,3492.3,2151.9,82,83,82,83,81,18,17,18,17,19,83,83,85,85,71,31.299
16.7.2022,00:42.1,3292.7,3292.7,3292.7,3292.7,3292.7,1217.3,76,75,76,78,74,24,25,24,22,26,78,78,81,81,71,24.74
16.7.2022,00:44.2,3391.7,3391.7,3391.7,3391.7,3391.7,1601.1,73,73,74,71,74,27,27,26,29,26,76,74,82,82,70,30.492
16.7.2022,00:46.3,3291.9,3291.9,3291.9,3291.9,3291.9,1174,74,74,77,73,73,26,26,23,27,27,77,77,82,82,69,24.546
16.7.2022,00:48.4,3390,3390,3390,3390,3390,974.7,72,71,74,71,72,28,29,26,29,28,74,74,77,77,68,20.865
16.7.2022,00:50.4,3291.9,3291.9,3291.9,3291.9,3291.9,1135,72,73,74,71,71,28,27,26,29,29,75,74,77,77,67,22.269
16.7.2022,00:52.5,3217.1,3192.2,3291.9,3192.2,3192.2,1221.1,71,72,74,69,70,29,28,26,31,30,74,74,76,76,68,22.266
16.7.2022,00:55.1,3537.9,3587.7,3488,3587.7,3488,1797.1,92,93,88,94,94,8,7,12,6,6,95,94,95,95,69,25.707
16.7.2022,00:57.1,3415.8,3490.6,3390.9,3390.9,3390.9,3269.9,77,76,80,75,77,23,24,20,25,23,80,80,83,83,72,37.612
16.7.2022,00:59.2,3490.6,3490.6,3490.6,3490.6,3490.6,1194.9,79,76,77,81,81,21,24,23,19,19,81,81,83,83,70,24.981
16.7.2022,01:01.3,3290.3,3290.3,3290.3,3290.3,3290.3,1220,77,77,77,79,74,23,23,23,21,26,79,79,79,79,69,25.407
16.7.2022,01:03.3,3891.4,3891.4,3891.4,3891.4,3891.4,1169.1,76,82,76,72,74,24,18,24,28,26,82,82,84,84,70,24.081
16.7.2022,01:05.4,3915.4,3890.5,3890.5,3990.2,3890.5,1526.2,82,88,82,80,78,18,12,18,20,22,88,88,87,87,71,32.725
16.7.2022,01:07.5,3391.7,3391.7,3391.7,3391.7,3391.7,1119.3,72,71,72,68,77,28,29,28,32,23,77,77,77,77,69,23.537
16.7.2022,01:09.5,3292.7,3292.7,3292.7,3292.7,3292.7,1018.1,73,72,74,73,71,28,28,26,27,29,74,74,78,78,68,22.397
16.7.2022,01:11.6,3291.9,3291.9,3291.9,3291.9,3291.9,1082.5,71,69,74,70,69,30,31,26,30,31,74,74,76,76,68,22.205
16.7.2022,01:13.7,3291.1,3291.1,3291.1,3291.1,3291.1,976.4,69,69,70,70,68,31,31,30,30,32,72,70,76,76,67,20.035
16.7.2022,01:15.8,3190.6,3190.6,3190.6,3190.6,3190.6,1052.3,71,70,72,70,72,29,30,28,30,28,73,72,75,75,67,21.176
16.7.2022,01:17.9,3293.6,3293.6,3293.6,3293.6,3293.6,962,71,73,71,70,68,30,27,29,30,32,73,73,75,75,67,20.912
16.7.2022,01:19.9,3392.5,3392.5,3392.5,3392.5,3392.5,1003,71,70,72,70,72,29,30,28,30,28,72,72,76,76,69,20.309
16.7.2022,01:22.0,3192.2,3192.2,3192.2,3192.2,3192.2,980.4,69,68,71,66,69,32,32,29,34,31,71,71,76,76,66,20.882
16.7.2022,01:24.1,3291.9,3291.9,3291.9,3291.9,3291.9,1234.3,71,70,73,67,73,29,30,27,33,27,73,73,76,76,68,24.32
16.7.2022,01:26.1,3217.9,3292.7,3193,3193,3193,987.8,70,71,70,67,71,30,29,30,33,29,71,71,75,75,67,20.96
16.7.2022,01:28.3,3518.1,3593,3493.2,3493.2,3493.2,3139,92,94,87,95,91,8,6,13,5,9,95,95,95,95,69,37.712
16.7.2022,01:30.7,3492.3,3592.1,3492.3,3492.3,3392.5,2952.9,92,94,87,95,92,8,6,13,5,8,95,95,95,95,68,36.133
16.7.2022,01:33.1,3518.1,3393.4,3493.2,3593,3593,3400,92,94,87,95,91,8,6,13,5,9,95,95,95,95,69,38.152
16.7.2022,01:35.5,3565.4,3490.6,3690,3590.3,3490.6,3405.3,92,93,87,95,92,8,7,13,5,8,95,95,94,94,69,38.057
16.7.2022,01:37.9,3467.4,3492.3,3492.3,3392.5,3492.3,3407.5,91,91,88,95,91,9,9,12,5,9,95,95,95,95,69,37.944
16.7.2022,01:40.1,3490.6,3690,3490.6,3490.6,3291.1,3419.6,93,94,89,95,93,7,6,11,5,7,95,95,96,96,69,38.205
16.7.2022,01:43.4,3441.6,3391.7,3491.5,3391.7,3491.5,3259.6,92,93,87,95,93,8,7,13,5,7,95,95,95,95,69,38.004
16.7.2022,01:46.0,3390.9,3390.9,3390.9,3390.9,3390.9,3389,92,94,86,95,91,9,6,14,5,9,96,95,95,95,69,37.972
16.7.2022,01:49.2,3464.8,3489.7,3589.5,3290.3,3489.7,3386.6,91,93,86,95,90,9,7,14,5,10,94,95,95,95,69,38.189
16.7.2022,01:51.7,3365.1,3390,3390,3390,3290.3,3354.4,90,90,85,95,91,10,10,15,5,9,95,95,95,95,70,37.726
16.7.2022,01:53.9,3392.5,3292.7,3492.3,3292.7,3492.3,2959.9,91,92,86,95,91,9,8,14,5,9,96,95,94,94,70,37.645
16.7.2022,01:56.4,3491.5,3491.5,3491.5,3491.5,3491.5,3369,91,92,84,95,92,9,8,16,5,8,94,95,94,94,68,37.329
16.7.2022,01:58.7,3365.1,3489.7,3290.3,3290.3,3390,3385.1,90,90,83,95,93,10,10,17,5,7,95,95,95,95,70,37.789
16.7.2022,02:01.2,3441.6,3291.9,3391.7,3591.2,3491.5,3350.3,90,92,83,94,92,10,8,17,6,8,96,94,95,95,71,37.376
16.7.2022,02:03.8,3464.8,3390,3489.7,3489.7,3489.7,3393.1,91,89,87,95,93,9,11,13,5,7,95,95,95,95,70,37.18
16.7.2022,02:06.0,3518.1,3393.4,3393.4,3493.2,3792.6,3386.8,91,92,87,94,92,9,8,13,6,8,94,94,96,96,71,37.191
16.7.2022,02:08.3,3419.1,3494,3194.5,3593.8,3394.2,3040.6,91,91,84,94,94,9,9,16,6,6,95,94,95,95,70,37.519
16.7.2022,02:10.6,3516.4,3591.2,3491.5,3491.5,3491.5,2972.7,93,94,90,95,93,7,6,10,5,7,94,95,92,92,69,37.188
16.7.2022,02:12.7,3390.9,3390.9,3390.9,3390.9,3390.9,1141.4,72,79,72,69,68,28,21,28,31,32,79,79,79,79,69,25.59
16.7.2022,02:14.8,3691.9,3691.9,3691.9,3691.9,3691.9,765.1,74,72,73,82,70,26,28,27,18,30,82,82,82,82,69,21.362
16.7.2022,02:16.8,3739,3689.2,3689.2,3788.9,3788.9,817,74,83,74,69,70,26,17,26,31,30,83,83,85,85,69,22.858
16.7.2022,02:18.9,3666.9,3691.9,3691.9,3691.9,3592.1,780.5,75,71,78,74,75,26,29,22,26,25,78,78,81,81,69,22.166
16.7.2022,02:21.0,3691,3691,3691,3691,3691,820.4,75,74,74,82,71,25,26,26,18,29,82,82,87,87,69,23.14
16.7.2022,02:23.2,3765.8,3790.7,3790.7,3790.7,3691,1103.4,92,92,87,95,94,8,8,13,5,6,96,95,95,95,68,24.276
16.7.2022,02:25.5,3613.5,3488.9,3488.9,3688.3,3788,2819.8,91,92,86,93,92,9,8,14,7,8,95,93,96,96,69,34.965
16.7.2022,02:27.9,3440.7,3291.1,3490.6,3490.6,3490.6,3375.4,92,92,87,95,93,8,8,13,5,7,94,95,95,95,68,37.815
16.7.2022,02:30.6,3466.5,3391.7,3391.7,3491.5,3591.2,3399.7,92,93,87,95,93,8,7,13,5,7,94,95,95,95,69,37.602
16.7.2022,02:33.1,3443.3,3493.2,3493.2,3393.4,3393.4,3415.6,91,93,87,94,91,9,7,13,6,9,95,94,95,95,69,37.59
16.7.2022,02:35.8,3417.5,3392.5,3492.3,3392.5,3392.5,3368.3,92,92,88,95,91,9,8,12,5,9,95,95,96,96,70,36.921
16.7.2022,02:38.2,3463.1,3488,3488,3488,3388.4,3365.1,92,94,88,95,92,8,6,12,5,8,95,95,95,95,70,37.218
16.7.2022,02:40.2,3291.1,3291.1,3291.1,3291.1,3291.1,1643.1,74,73,76,73,72,27,27,24,27,28,76,76,77,77,69,27.106
16.7.2022,02:42.3,3393.4,3393.4,3393.4,3393.4,3393.4,1454.9,74,79,72,72,71,27,21,28,28,29,79,79,80,80,69,26.803
16.7.2022,02:44.4,3092.4,3092.4,3092.4,3092.4,3092.4,1663,80,81,78,81,79,20,19,22,19,21,81,81,83,83,70,27.983
16.7.2022,02:46.9,3540.5,3690,3490.6,3490.6,3490.6,1361.8,92,92,87,95,93,8,8,13,5,7,95,95,96,96,70,22.577
16.7.2022,02:49.0,3290.3,3290.3,3290.3,3290.3,3290.3,2283.8,73,73,77,72,71,27,27,23,28,29,76,77,80,80,68,32.049
16.7.2022,02:51.0,3291.9,3291.9,3291.9,3291.9,3291.9,997,72,76,72,68,72,28,24,28,32,28,76,76,77,77,69,21.366
16.7.2022,02:53.1,3190.6,3190.6,3190.6,3190.6,3190.6,952.3,71,72,72,73,68,29,28,28,27,32,72,73,74,74,67,20.554
16.7.2022,02:55.2,3241.3,3191.4,3191.4,3291.1,3291.1,1516.2,76,76,78,72,78,24,24,22,28,22,78,78,81,81,70,28.193
16.7.2022,02:57.4,3441.6,3391.7,3391.7,3491.5,3491.5,1879.4,91,94,87,94,90,9,6,13,6,10,95,94,95,95,68,27.236
16.7.2022,02:59.4,3566.3,3591.2,3491.5,3491.5,3691,3297,91,90,86,95,92,9,10,14,5,8,95,95,96,96,69,38.595
16.7.2022,03:01.5,3443.3,3393.4,3393.4,3393.4,3593,963.7,75,73,72,81,72,26,27,28,19,28,81,81,80,80,68,23.139
16.7.2022,03:03.6,3390.9,3390.9,3390.9,3390.9,3390.9,899,72,71,74,73,68,29,29,26,27,32,74,74,76,76,69,22.188
16.7.2022,03:05.8,3592.1,3492.3,3592.1,3592.1,3691.9,3265.5,92,94,87,93,93,8,6,13,7,7,95,94,95,95,70,38.17
16.7.2022,03:07.9,3392.5,3392.5,3392.5,3392.5,3392.5,3231.5,84,85,83,85,82,16,15,17,15,18,86,85,87,87,71,37.363
16.7.2022,03:10.0,3740.8,3790.7,3790.7,3691,3691,3061.5,93,96,85,97,93,7,4,15,3,7,96,97,96,96,71,38.25
16.7.2022,03:12.1,3415.8,3291.1,3390.9,3390.9,3590.3,2810.8,92,94,87,94,92,8,6,13,6,8,95,94,95,95,70,34.76
16.7.2022,03:14.2,3739.9,3590.3,3590.3,3789.8,3989.2,2091.3,88,85,88,87,93,12,15,12,13,7,95,93,96,96,71,34.194
16.7.2022,03:16.3,3464.8,3390,3489.7,3489.7,3489.7,1124.8,78,78,77,81,77,22,22,23,19,23,81,81,82,82,68,25.315
16.7.2022,03:18.4,3713.2,3788,3887.6,3588.6,3588.6,1272.4,90,82,89,93,94,11,18,11,7,6,83,94,95,95,68,23.882
16.7.2022,03:20.5,3441.6,3491.5,3391.7,3391.7,3491.5,2238.4,89,86,86,96,87,11,14,14,4,13,96,96,96,96,70,33.424
16.7.2022,03:22.7,3690,3490.6,3590.3,3789.8,3889.5,2042.9,92,91,86,95,94,9,9,14,5,6,95,95,95,95,69,32.708
16.7.2022,03:24.8,3917.3,3892.4,3992.2,3892.4,3892.4,2969.8,91,94,91,83,95,9,6,9,17,5,94,95,96,96,73,37.71
16.7.2022,03:26.9,3390.9,3390.9,3390.9,3390.9,3390.9,2953.5,81,82,83,81,78,19,18,17,19,22,83,83,85,85,72,37.569
16.7.2022,03:29.3,3440.7,3490.6,3490.6,3490.6,3291.1,1794.3,92,93,87,95,92,8,7,13,5,8,95,95,95,95,70,25.801
16.7.2022,03:31.6,3591.2,3491.5,3491.5,3691,3691,2088,92,95,87,94,92,8,5,13,6,8,96,95,95,95,70,32.089
16.7.2022,03:35.0,3419.1,3494,3394.2,3494,3294.4,3398.9,91,92,85,95,90,10,8,15,5,10,94,95,95,95,70,38.341
16.7.2022,03:37.6,3444.1,3294.4,3494,3494,3494,3374.9,92,93,87,95,92,8,7,13,5,8,95,95,94,94,69,37.687
16.7.2022,03:40.0,3467.4,3492.3,3392.5,3392.5,3592.1,3406.6,92,94,87,95,91,8,6,13,5,9,95,95,95,95,70,37.797
16.7.2022,03:42.1,2993.4,2993.4,2993.4,2993.4,2993.4,2766.1,76,76,77,77,72,25,24,23,23,28,77,77,78,78,70,37.516
16.7.2022,03:44.2,3690,3690,3789.8,3690,3590.3,2595.8,96,97,94,96,96,4,3,6,4,4,97,97,94,94,72,34.807
16.7.2022,03:47.6,3542.2,3492.3,3691.9,3492.3,3492.3,3003.3,91,91,86,95,92,9,9,14,5,8,94,95,96,96,69,37.708
16.7.2022,03:49.7,3341.8,3491.5,3491.5,3192.2,3192.2,3390.3,94,96,89,96,93,7,4,11,4,7,96,96,94,94,70,37.239
16.7.2022,03:51.8,3193.8,3193.8,3193.8,3193.8,3193.8,1211.2,72,74,73,70,70,28,26,27,30,30,74,74,76,76,68,22.438
16.7.2022,03:53.9,3416.6,3391.7,3391.7,3391.7,3491.5,3063,91,92,85,95,93,9,8,15,5,7,95,95,95,95,72,37.983
16.7.2022,03:56.1,3442.4,3392.5,3392.5,3492.3,3492.3,2476.1,92,92,87,94,94,8,8,13,6,6,96,94,95,95,72,36.242
16.7.2022,03:58.2,3341.8,3391.7,3391.7,3291.9,3291.9,1490.7,74,73,76,74,73,26,27,24,26,27,76,76,79,79,71,27.368
16.7.2022,04:00.2,3168,3093.2,3193,3193,3193,2517.4,77,80,77,77,74,23,20,23,23,26,80,80,83,83,70,34.359
16.7.2022,04:02.6,3318.5,3393.4,3293.6,3293.6,3293.6,1899.8,91,93,86,95,91,9,7,14,5,9,95,95,95,95,71,26.934
16.7.2022,04:04.7,3066.7,2991.9,3091.7,3091.7,3091.7,1769,71,73,73,70,69,29,27,27,30,31,73,73,77,77,67,29.999
16.7.2022,04:06.8,3666,3691,3790.7,3591.2,3591.2,2401.8,92,92,91,89,95,8,8,9,11,5,94,95,95,95,72,33.327
16.7.2022,04:08.9,3091.7,3091.7,3091.7,3091.7,3091.7,1599.4,72,74,73,69,70,29,26,27,31,30,74,74,75,75,69,30.322
16.7.2022,04:11.2,3488.9,3488.9,3488.9,3488.9,3488.9,1912.8,92,94,88,95,92,8,6,12,5,8,95,95,96,95,70,27.432
16.7.2022,04:13.2,3992.2,3992.2,3992.2,3992.2,3992.2,2991.3,88,87,85,93,85,13,13,15,7,15,92,93,95,95,73,38.39
16.7.2022,04:15.4,3492.3,3492.3,3492.3,3492.3,3492.3,3332.6,91,92,84,95,92,9,8,16,5,8,95,95,96,96,70,37.932
16.7.2022,04:17.8,3367.6,3193,3492.3,3392.5,3392.5,3384.6,91,90,88,95,92,9,10,12,5,8,95,95,95,95,71,37.589
16.7.2022,04:19.9,3641.1,3391.7,3790.7,3790.7,3591.2,3338.4,88,93,84,88,85,13,7,16,12,15,93,93,98,98,70,37.583
16.7.2022,04:22.0,3467.4,3193,3492.3,3691.9,3492.3,1896.3,89,92,82,91,92,11,8,18,9,8,96,92,95,96,71,30.716
16.7.2022,04:24.5,3467.4,3392.5,3492.3,3492.3,3492.3,2910.8,91,91,86,95,93,9,9,14,5,7,95,95,95,95,70,38.213
16.7.2022,04:26.6,3489.7,3489.7,3489.7,3489.7,3489.7,3170,86,85,84,90,84,14,15,16,10,16,89,90,89,89,72,37.25
16.7.2022,04:28.8,3516.4,3491.5,3591.2,3491.5,3491.5,2281.4,91,92,87,92,92,9,8,13,8,8,95,92,95,95,70,33.513
16.7.2022,04:30.9,3093.2,3093.2,3093.2,3093.2,3093.2,3027.8,81,80,82,83,78,19,20,18,17,22,82,83,83,83,72,37.185
16.7.2022,04:33.1,3341.8,3391.7,3391.7,3291.9,3291.9,3078.1,91,91,86,95,93,9,9,14,5,7,96,95,94,94,70,35.867
16.7.2022,04:35.2,3489.7,3489.7,3689.2,3390,3390,3304.8,91,93,87,90,92,10,7,13,10,8,94,93,94,94,70,37.233
16.7.2022,04:37.5,3416.6,3391.7,3291.9,3591.2,3391.7,3134.5,90,92,86,93,89,10,8,14,7,11,95,93,94,94,72,37.43
16.7.2022,04:39.9,3420,3395,3395,3494.9,3395,3305.6,91,93,84,94,93,9,7,16,6,7,95,94,95,95,70,37.031
16.7.2022,04:42.2,3418.3,3493.2,3493.2,3293.6,3393.4,3370.5,92,93,88,96,92,8,7,12,4,8,94,96,94,94,70,37.28
16.7.2022,04:44.6,3469.1,3494,3593.8,3394.2,3394.2,3294.3,92,95,87,95,91,8,5,13,5,9,95,95,95,95,70,37.478
16.7.2022,04:47.0,3393.4,3393.4,3293.6,3393.4,3493.2,3339.4,93,94,88,95,93,8,6,12,5,7,95,95,95,95,70,36.931
16.7.2022,04:49.1,3715.9,3790.7,3790.7,3591.2,3691,3240.7,90,92,84,95,88,10,8,16,5,12,92,95,94,94,72,37.453
16.7.2022,04:52.2,3341,3191.4,3390.9,3390.9,3390.9,2958.8,91,90,86,95,92,9,10,14,5,8,95,95,95,95,70,37.802
16.7.2022,04:54.5,3442.4,3392.5,3492.3,3492.3,3392.5,3307.4,91,94,85,94,91,9,6,15,6,9,95,94,95,95,69,36.519
16.7.2022,04:56.5,3915.4,3990.2,3890.5,3890.5,3890.5,3039.2,91,94,91,93,86,9,6,9,7,14,95,94,97,97,72,37.762
16.7.2022,04:58.9,3416.6,3291.9,3591.2,3491.5,3291.9,3303.9,92,91,87,95,94,8,9,13,5,6,95,95,95,95,71,36.839
16.7.2022,05:01.0,3341.8,3391.7,3391.7,3291.9,3291.9,2638.1,89,85,85,91,95,11,15,15,9,5,96,95,94,94,73,37.314
16.7.2022,05:03.1,3641.1,3691,3591.2,3691,3591.2,2538.9,91,90,88,94,93,9,10,12,6,7,95,94,96,96,72,35.128
16.7.2022,05:05.1,3390.9,3390.9,3390.9,3390.9,3390.9,2171.6,76,75,76,79,73,24,25,24,21,27,79,79,83,83,71,34.853
16.7.2022,05:07.2,3418.3,3493.2,3593,3193.8,3393.4,1924,95,98,88,99,94,5,2,12,1,6,99,99,95,95,73,31.237
16.7.2022,05:09.3,3392.5,3392.5,3392.5,3392.5,3392.5,1326.8,80,80,80,80,80,20,20,20,20,20,80,80,83,83,72,27.63
16.7.2022,05:11.4,3591.2,3491.5,3491.5,3691,3691,1408.3,84,83,82,85,84,17,17,18,15,16,84,85,91,91,71,27.008
16.7.2022,05:13.5,3515.5,3291.1,3490.6,3390.9,3889.5,2658.3,91,96,87,88,91,10,4,13,12,9,96,96,96,96,71,37.264
16.7.2022,05:15.6,3291.9,3391.7,3391.7,3192.2,3192.2,1193.6,75,76,76,73,73,26,24,24,27,27,76,76,79,79,75,26.14
16.7.2022,05:17.7,3316.1,3291.1,3291.1,3390.9,3291.1,1602,74,74,77,71,74,26,26,23,29,26,77,77,80,80,72,30.863
16.7.2022,05:19.8,3290.3,3290.3,3290.3,3290.3,3290.3,995.9,73,73,75,75,70,27,27,25,25,30,75,75,79,79,69,21.022
16.7.2022,05:21.9,3592.1,3592.1,3592.1,3592.1,3592.1,2544.4,90,90,89,86,94,10,10,11,14,6,94,94,96,96,73,34.444
16.7.2022,05:24.0,3267,3291.9,3391.7,3192.2,3192.2,1976.3,91,92,85,96,91,9,8,15,4,9,95,96,95,95,72,30.777
16.7.2022,05:26.0,3342.6,3392.5,3392.5,3292.7,3292.7,1447.7,72,71,76,68,71,29,29,24,32,29,77,76,76,76,71,27.034
16.7.2022,05:28.2,3415,3290.3,3489.7,3390,3489.7,2821.5,91,91,85,95,93,9,9,15,5,7,94,95,95,95,71,37.581
16.7.2022,05:30.3,3291.1,3390.9,3291.1,3291.1,3191.4,1725.9,74,74,75,77,71,26,26,25,23,29,77,77,81,81,71,29.347
16.7.2022,05:32.6,3464.8,3589.5,3489.7,3489.7,3290.3,1340.4,91,90,86,95,92,9,10,14,5,8,95,95,95,95,71,24.688
16.7.2022,05:34.7,3192.2,3192.2,3192.2,3192.2,3192.2,1599.7,74,73,74,76,72,26,27,26,24,28,76,76,81,81,70,28.437
16.7.2022,05:36.8,3392.5,3392.5,3392.5,3392.5,3392.5,1143.1,75,79,77,72,70,26,21,23,28,30,79,79,79,79,72,22.97
16.7.2022,05:38.9,3391.7,3391.7,3391.7,3391.7,3391.7,987.1,74,72,75,76,73,26,28,25,24,27,75,76,85,85,68,22.92
16.7.2022,05:41.0,3291.9,3192.2,3391.7,3291.9,3291.9,3019.4,90,92,84,95,87,11,8,16,5,13,95,95,95,95,72,39.512
16.7.2022,05:43.1,3342.6,3392.5,3392.5,3292.7,3292.7,1293.9,73,71,75,73,71,28,29,25,27,29,75,75,76,76,71,26.252
16.7.2022,05:45.2,3291.1,3291.1,3291.1,3291.1,3291.1,2349.3,81,81,81,81,82,19,19,19,19,18,83,82,87,87,73,37.523
16.7.2022,05:47.2,3792.6,3792.6,3792.6,3792.6,3792.6,2140.2,87,87,83,92,85,13,13,17,8,15,92,92,93,93,75,37.292
16.7.2022,05:49.3,3192.2,3192.2,3192.2,3192.2,3192.2,2082.3,77,78,79,76,76,23,22,21,24,24,79,79,83,83,72,31.472
16.7.2022,05:51.4,3467.4,3392.5,3392.5,3392.5,3691.9,1725.5,91,91,86,95,92,9,9,14,5,8,95,95,95,95,71,28.57
16.7.2022,05:53.5,3093.2,3093.2,3093.2,3093.2,3093.2,1622.1,73,72,76,70,72,28,28,24,30,28,76,76,78,78,71,29.602
16.7.2022,05:55.9,3416.6,3391.7,3391.7,3391.7,3491.5,1573.2,91,91,85,95,93,9,9,15,5,7,95,95,94,94,71,26.386
16.7.2022,05:58.6,3439.1,3488.9,3488.9,3389.2,3389.2,2957,92,91,89,95,92,8,9,11,5,8,94,95,94,94,69,35.579
16.7.2022,06:00.7,3365.9,3390.9,3390.9,3390.9,3291.1,3241,95,97,92,93,96,6,3,8,7,4,97,97,94,94,71,37.758
16.7.2022,06:02.8,3566.3,3491.5,3391.7,3691,3691,3196.5,90,92,85,94,89,10,8,15,6,11,95,94,96,96,70,37.497
16.7.2022,06:05.2,3419.1,3294.4,3294.4,3593.8,3494,2695.7,91,91,85,91,95,10,9,15,9,5,95,95,95,95,71,34.922
16.7.2022,06:07.3,3244.4,3294.4,3294.4,3194.5,3194.5,1952.4,73,78,73,73,69,27,22,27,27,31,78,78,79,79,70,31.765
16.7.2022,06:09.4,3392.5,3392.5,3392.5,3392.5,3392.5,2905.3,79,79,80,79,78,21,21,20,21,22,80,80,85,85,70,36.34
16.7.2022,06:11.4,3216.3,3191.4,3191.4,3191.4,3291.1,1394.7,72,71,74,75,69,28,29,26,25,31,74,75,79,79,69,25.302
16.7.2022,06:13.7,3414.1,3389.2,3488.9,3488.9,3289.5,3231,91,93,85,92,92,10,7,15,8,8,94,93,95,95,69,37.694
16.7.2022,06:15.8,3366.8,3291.9,3391.7,3391.7,3391.7,3343,89,92,86,95,84,11,8,14,5,16,96,95,95,95,70,37.2
16.7.2022,06:17.9,3091.7,3091.7,3091.7,3091.7,3091.7,2625.2,72,71,75,73,69,28,29,25,27,31,75,75,79,79,69,33.213
16.7.2022,06:20.9,3417.5,3392.5,3392.5,3392.5,3492.3,3124.4,92,92,86,95,95,8,8,14,5,5,95,95,95,95,70,36.165
16.7.2022,06:23.1,3641.1,3491.5,3691,3691,3691,3330.1,93,92,90,95,95,7,8,10,5,5,95,95,97,97,71,37.064
16.7.2022,06:25.2,3565.4,3789.8,3490.6,3490.6,3490.6,3291.8,92,93,87,95,94,8,7,13,5,6,93,95,95,95,71,37.286
16.7.2022,06:27.3,3291.9,3291.9,3291.9,3291.9,3291.9,2031.1,73,73,75,72,72,27,27,25,28,28,75,75,78,78,68,28.358
16.7.2022,06:29.4,3466.5,3391.7,3491.5,3491.5,3491.5,2980,92,93,88,95,91,8,7,12,5,9,95,95,95,95,70,35.844
16.7.2022,06:31.6,3517.2,3492.3,3492.3,3492.3,3592.1,1447.6,92,92,90,93,93,8,8,10,7,7,95,93,96,96,67,26.323
16.7.2022,06:33.7,3891.4,3991.2,3891.4,3891.4,3791.6,2948,92,92,88,94,93,8,8,12,6,7,92,94,97,97,71,37.647
16.7.2022,06:35.8,3217.1,3291.9,3192.2,3192.2,3192.2,1490.8,72,71,74,68,76,28,29,26,32,24,76,76,76,76,67,25.792
16.7.2022,06:37.9,3940.4,3890.5,3890.5,3990.2,3990.2,2852.3,90,92,82,90,94,11,8,18,10,6,92,94,97,97,70,36.652
16.7.2022,06:40.0,3318.5,3293.6,3293.6,3293.6,3393.4,1115.3,73,73,75,73,69,28,27,25,27,31,75,75,78,78,68,24.232
16.7.2022,06:42.4,3417.5,3292.7,3392.5,3492.3,3492.3,2981.2,91,91,87,95,92,9,9,13,5,8,95,95,95,95,69,34.685
16.7.2022,06:44.6,3592.1,3592.1,3592.1,3592.1,3592.1,3350.9,91,94,89,92,90,9,6,11,8,10,94,94,96,96,69,37.089
16.7.2022,06:46.7,3291.9,3291.9,3291.9,3291.9,3291.9,3314.2,92,94,87,95,91,8,6,13,5,9,95,95,95,95,69,36.718
16.7.2022,06:49.0,3339.4,3488.9,3289.5,3289.5,3289.5,3332.1,91,93,85,95,90,9,7,15,5,10,95,95,95,95,71,37.231
16.7.2022,06:51.8,3441.6,3291.9,3591.2,3491.5,3391.7,2071,92,91,90,95,92,8,9,10,5,8,95,95,95,95,70,28.388
16.7.2022,06:54.2,3339.4,3289.5,3488.9,3289.5,3289.5,2717.2,92,94,88,96,91,8,6,12,4,9,96,96,95,95,70,36.382
16.7.2022,06:56.4,3293.6,3193.8,3193.8,3393.4,3393.4,3378.5,90,91,83,94,91,10,9,17,6,9,95,94,96,96,69,37.531
16.7.2022,06:59.4,3389.2,3389.2,3389.2,3389.2,3389.2,1933.8,93,96,85,95,95,7,4,15,5,5,96,96,95,95,70,26.793
16.7.2022,07:01.5,3490.6,3490.6,3490.6,3490.6,3490.6,3091.7,93,94,87,95,95,7,6,13,5,5,94,95,95,95,71,37.991
16.7.2022,07:03.8,3443.3,3393.4,3393.4,3493.2,3493.2,2794.2,90,91,84,94,91,10,9,16,6,9,95,94,95,95,69,35.493
16.7.2022,07:06.0,3390,3489.7,3390,3390,3290.3,3362.7,92,93,86,95,93,8,7,14,5,7,95,95,95,95,70,36.911
16.7.2022,07:08.2,3515.5,3690,3490.6,3490.6,3390.9,2936.4,92,94,90,94,91,8,6,10,6,9,94,94,95,95,70,37.495
16.7.2022,07:10.6,3415,3390,3390,3390,3489.7,2915,92,94,86,95,93,8,6,14,5,7,95,95,95,95,70,35.177
16.7.2022,07:13.2,3441.6,3291.9,3591.2,3391.7,3491.5,3141.8,92,91,89,95,91,9,9,11,5,9,95,95,95,95,69,36.693
16.7.2022,07:15.4,3593,3493.2,3493.2,3692.8,3692.8,2810.4,92,92,88,94,93,8,8,12,6,7,95,94,95,95,70,35.091
16.7.2022,07:17.6,3494,3394.2,3494,3593.8,3494,3313.8,92,92,87,94,93,9,8,13,6,7,95,94,95,95,70,37.323
16.7.2022,07:19.9,3390,3390,3390,3390,3390,3361.8,91,92,88,95,90,9,8,12,5,10,95,95,94,94,69,36.848
16.7.2022,07:22.3,3365.1,3290.3,3489.7,3390,3290.3,3348.1,91,91,86,95,93,9,9,14,5,7,95,95,95,95,72,37.14
16.7.2022,07:24.4,3691.9,3592.1,3592.1,3791.6,3791.6,3367.7,90,91,83,94,91,10,9,17,6,9,95,94,96,96,71,37.363
16.7.2022,07:26.7,3514.7,3489.7,3390,3589.5,3589.5,2108.9,92,91,88,95,94,8,9,12,5,6,95,95,96,96,70,29.199
16.7.2022,07:29.1,3441.6,3591.2,3391.7,3391.7,3391.7,3179.9,93,95,88,95,92,8,5,12,5,8,95,95,95,95,70,36.987
16.7.2022,07:31.3,3391.7,3491.5,3391.7,3291.9,3391.7,3139,92,91,86,96,95,8,9,14,4,5,95,96,94,94,70,36.848
16.7.2022,07:33.7,3394.2,3394.2,3394.2,3394.2,3394.2,2955,92,91,89,95,93,8,9,11,5,7,95,95,95,95,71,35.588
16.7.2022,07:35.9,3315.3,3290.3,3290.3,3290.3,3390,2153,90,91,84,95,90,10,9,16,5,10,95,95,95,95,70,29.557
16.7.2022,07:38.0,3143.9,3094,3193.8,3193.8,3094,1592.6,73,74,72,72,72,28,26,28,28,28,74,74,78,78,69,26.776
16.7.2022,07:40.1,3142.3,3092.4,3092.4,3192.2,3192.2,870.4,71,70,72,73,68,29,30,28,27,32,73,73,77,77,68,20.128
16.7.2022,07:42.3,3715.9,3890.5,3890.5,3491.5,3591.2,1022.2,77,74,79,77,77,23,26,21,23,23,85,79,83,83,70,22.194
16.7.2022,07:44.3,3265.4,3290.3,3290.3,3290.3,3190.6,2453.3,72,77,74,69,69,28,23,26,31,31,77,77,76,76,69,32.736
16.7.2022,07:46.3,3788.9,3888.6,3888.6,3888.6,3489.7,2159.9,80,77,80,81,81,20,23,20,19,19,84,81,80,80,70,31.356
16.7.2022,07:48.4,3439.9,3390,3390,3489.7,3489.7,2728.4,84,88,83,81,85,16,12,17,19,15,88,88,88,88,72,35.12
16.7.2022,07:50.9,3318.5,3493.2,3193.8,3293.6,3293.6,2619.1,92,94,86,96,92,8,6,14,4,8,95,96,95,95,70,32.097
16.7.2022,07:53.3,3488.9,3588.6,3488.9,3488.9,3389.2,2581.1,91,91,85,95,93,9,9,15,5,7,96,95,95,95,69,32.207
16.7.2022,07:55.7,3440.7,3590.3,3390.9,3390.9,3390.9,3403.1,92,94,87,95,92,8,6,13,5,8,96,95,95,95,70,37.607
16.7.2022,07:58.8,3516.4,3691,3491.5,3491.5,3391.7,3371.4,92,93,87,94,93,8,7,13,6,7,93,94,95,95,70,36.676
16.7.2022,08:01.1,3314.5,3389.2,3289.5,3289.5,3289.5,3182.9,91,93,86,95,90,9,7,14,5,10,95,95,94,94,69,36.869
16.7.2022,08:03.5,3369.2,3294.4,3494,3394.2,3294.4,1855.3,94,96,90,95,93,7,4,10,5,7,96,96,95,95,69,35.639
16.7.2022,08:05.7,3466.5,3491.5,3591.2,3391.7,3391.7,3352.6,93,95,88,95,93,7,5,12,5,7,95,95,95,95,70,36.901
16.7.2022,08:07.9,3441.6,3491.5,3391.7,3391.7,3491.5,3280,92,94,89,96,89,8,6,11,4,11,95,96,95,95,69,36.728
16.7.2022,08:10.0,3441.6,3491.5,3391.7,3391.7,3491.5,3379.4,92,93,88,95,92,8,7,12,5,8,95,95,95,95,72,36.973
16.7.2022,08:12.2,3564.5,3988.3,3489.7,3390,3390,2739.4,91,87,90,95,93,9,13,10,5,7,92,95,95,95,70,34.358
16.7.2022,08:14.3,3565.4,3390.9,3590.3,3590.3,3690,2382.3,92,91,86,95,94,9,9,14,5,6,95,95,96,96,71,31.162
16.7.2022,08:16.9,3444.1,3394.2,3294.4,3593.8,3494,3293.4,92,94,85,94,94,8,6,15,6,6,95,94,96,96,69,37.01
16.7.2022,08:19.2,3416.6,3491.5,3391.7,3391.7,3391.7,3342.2,92,94,87,95,91,8,6,13,5,9,94,95,95,95,69,36.872
16.7.2022,08:21.2,3490.6,3490.6,3490.6,3390.9,3590.3,3286.5,92,93,88,96,92,8,7,12,4,8,95,96,95,95,70,36.784
16.7.2022,08:23.8,3542.2,3392.5,3592.1,3592.1,3592.1,2188.9,91,92,85,94,92,9,8,15,6,8,95,94,96,96,68,30.465
16.7.2022,08:25.9,3442.4,3292.7,3492.3,3492.3,3492.3,2945.1,91,90,87,95,93,9,10,13,5,7,95,95,96,96,69,36.148
16.7.2022,08:28.3,3365.9,3390.9,3291.1,3490.6,3291.1,2515.8,91,91,85,95,91,10,9,15,5,9,95,95,95,95,69,32.42
16.7.2022,08:31.2,3390.9,3390.9,3390.9,3390.9,3390.9,2026.1,91,91,87,95,92,9,9,13,5,8,95,95,95,95,69,28.468
16.7.2022,08:33.2,3214,3189.1,3189.1,3189.1,3288.7,1990.1,72,74,74,68,72,28,26,26,32,28,75,74,77,77,68,28.265
16.7.2022,08:35.4,3415,3489.7,3390,3390,3390,2170.3,92,95,85,95,93,8,5,15,5,7,95,95,95,95,68,29.306
16.7.2022,08:37.8,3489.7,3489.7,3489.7,3390,3589.5,1865.3,92,93,88,95,93,8,7,12,5,7,95,95,95,95,69,27.978
16.7.2022,08:39.9,3464.8,3489.7,3489.7,3489.7,3390,2708.4,78,76,77,79,80,22,24,23,21,20,79,80,83,83,69,33.609
16.7.2022,08:42.0,3317.7,3392.5,3292.7,3292.7,3292.7,1098.6,72,70,75,70,71,29,30,25,30,29,75,75,77,77,68,22.647
16.7.2022,08:44.0,3242.1,3192.2,3192.2,3291.9,3291.9,1325.1,75,75,78,73,73,25,25,22,27,27,78,78,80,80,70,26.212
16.7.2022,08:46.1,3791.6,3891.4,3791.6,3791.6,3691.9,1629.6,93,94,87,97,93,7,6,13,3,7,97,97,96,96,69,28.09
16.7.2022,08:48.2,3641.1,3391.7,3790.7,3691,3691,1666.1,91,92,88,93,92,9,8,12,7,8,95,93,95,95,69,28.828
16.7.2022,08:50.3,3290.3,3290.3,3290.3,3290.3,3290.3,1186.2,72,71,71,77,69,28,29,29,23,31,78,77,79,79,68,23.289
16.7.2022,08:52.4,3666,3691,3790.7,3591.2,3591.2,2532.4,93,95,89,95,91,8,5,11,5,9,95,95,95,95,69,32.991
16.7.2022,08:54.5,3193,3193,3193,3193,3193,2864,73,70,75,73,72,28,30,25,27,28,76,75,78,78,68,34.064
16.7.2022,08:56.6,3241.3,3291.1,3291.1,3191.4,3191.4,958.4,71,70,74,71,67,30,30,26,29,33,74,74,78,78,67,21.067
16.7.2022,08:58.7,3564.5,3489.7,3589.5,3589.5,3589.5,1298.4,90,94,87,89,91,10,6,13,11,9,95,94,95,95,68,23.494
16.7.2022,09:00.8,3365.9,3390.9,3390.9,3390.9,3291.1,2338.9,75,75,77,76,71,25,25,23,24,29,77,77,78,78,68,32.422
16.7.2022,09:02.9,3292.7,3292.7,3292.7,3292.7,3292.7,2156.2,71,75,72,68,68,29,25,28,32,32,75,75,77,77,68,30.208
16.7.2022,09:05.0,3068.2,2993.4,3093.2,3093.2,3093.2,2271.8,73,77,72,73,68,28,23,28,27,32,77,77,75,75,68,31.022
16.7.2022,09:07.2,3519,3593.8,3494,3494,3494,1794.7,93,95,89,95,92,7,5,11,5,8,95,95,95,95,68,27.335
16.7.2022,09:09.3,3393.4,3393.4,3393.4,3393.4,3393.4,1819.3,72,70,75,74,68,28,30,25,26,32,75,75,79,79,66,28.202
16.7.2022,09:11.4,3815.7,3790.7,3790.7,3990.2,3691,2462.3,89,86,84,89,97,11,14,16,11,3,95,97,95,95,71,36.925
16.7.2022,09:13.5,3691,3691,3691,3691,3691,1856.3,92,91,86,94,95,9,9,14,6,5,95,95,96,96,69,28.194
16.7.2022,09:15.7,3415,3390,3489.7,3390,3390,2931.7,91,92,88,95,89,9,8,12,5,11,95,95,95,95,68,36.283
16.7.2022,09:18.4,3494,3494,3494,3494,3494,2332.2,92,93,87,96,93,8,7,13,4,7,96,96,95,95,68,30.986
16.7.2022,09:20.4,3392.5,3392.5,3392.5,3392.5,3392.5,2241.7,72,70,76,73,69,28,30,24,27,31,76,76,79,79,68,31.046
16.7.2022,09:22.8,3390,3390,3390,3390,3390,2200.2,91,91,88,95,90,9,9,12,5,10,95,95,94,94,70,30.24
16.7.2022,09:24.9,3291.1,3291.1,3291.1,3291.1,3291.1,1133,71,73,75,67,69,29,27,25,33,31,75,75,75,75,68,23.849
16.7.2022,09:26.9,3144.6,3094.7,3094.7,3194.5,3194.5,1149.5,69,69,74,67,67,31,31,26,33,33,74,74,76,76,68,25.447
16.7.2022,09:29.0,3267,3192.2,3291.9,3291.9,3291.9,1052.9,71,75,72,69,68,29,25,28,31,32,75,75,76,76,68,22.981
16.7.2022,09:31.1,3192.2,3192.2,3192.2,3192.2,3192.2,861.5,70,70,70,68,73,30,30,30,32,27,72,73,76,76,67,20.438
16.7.2022,09:33.3,3417.5,3492.3,3392.5,3392.5,3392.5,1911,92,93,87,96,92,8,7,13,4,8,95,96,94,94,69,28.145
16.7.2022,09:35.5,3566.3,3691,3491.5,3491.5,3591.2,1736.1,92,94,86,96,91,8,6,14,4,9,95,96,96,96,68,27.06
16.7.2022,09:37.5,3193,3193,3193,3193,3193,2044.9,70,69,72,71,67,30,31,28,29,33,72,72,76,76,67,29.502
16.7.2022,09:39.6,3140.8,3090.9,3090.9,3190.6,3190.6,1387.6,70,71,74,67,67,30,29,26,33,33,74,74,74,74,68,27.016
16.7.2022,09:41.7,3465.7,3490.6,3490.6,3490.6,3390.9,1101.5,76,78,77,74,74,24,22,23,26,26,78,78,79,79,68,22.676
16.7.2022,09:43.8,3589.5,3589.5,3689.2,3589.5,3489.7,1779.3,86,85,82,79,96,15,15,18,21,4,95,96,95,95,72,32.871
16.7.2022,09:45.9,3992.2,3992.2,3992.2,3992.2,3992.2,1148.6,87,83,86,89,89,13,17,14,11,11,89,89,95,95,70,25.32
16.7.2022,09:48.0,3268.6,3293.6,3293.6,3193.8,3293.6,1333.5,71,72,74,71,68,29,28,26,29,32,74,74,77,77,70,27.342
16.7.2022,09:50.0,3816.6,3891.4,3791.6,3791.6,3791.6,2576.7,92,97,85,90,96,8,3,15,10,4,97,97,96,96,71,34.299
16.7.2022,09:52.3,3513.8,3488.9,3588.6,3488.9,3488.9,3038.5,91,91,87,95,92,9,9,13,5,8,96,95,95,95,69,36.723
16.7.2022,09:54.3,3092.4,3092.4,3092.4,3092.4,3092.4,2202.3,73,74,74,71,72,27,26,26,29,28,75,74,79,79,69,31.828
16.7.2022,09:56.5,3640.2,3490.6,3690,3690,3690,1868.6,92,92,88,94,94,8,8,12,6,6,95,94,95,95,69,28.271
16.7.2022,09:58.7,3465.7,3390.9,3490.6,3390.9,3590.3,3419.6,91,93,85,95,90,9,7,15,5,10,96,95,96,95,69,38.116
16.7.2022,10:00.7,3692.8,3892.4,3892.4,3493.2,3493.2,1818.4,82,82,83,83,78,19,18,17,17,22,88,83,83,83,69,28.035
16.7.2022,10:03.0,3516.4,3491.5,3391.7,3591.2,3591.2,2029.8,91,93,86,94,92,9,7,14,6,8,96,94,95,95,69,33.06
16.7.2022,10:05.1,3617,3691.9,3592.1,3592.1,3592.1,2709.7,91,93,88,96,87,9,7,12,4,13,95,96,94,94,69,33.58
16.7.2022,10:07.2,3115.8,2991.2,3090.9,3190.6,3190.6,1230.2,70,74,70,70,67,30,26,30,30,33,74,74,75,75,67,22.868
16.7.2022,10:09.3,3290.3,3290.3,3290.3,3290.3,3290.3,894.1,69,69,73,68,67,31,31,27,32,33,73,73,74,74,68,19.707
16.7.2022,10:11.5,3467.4,3492.3,3492.3,3392.5,3492.3,2148.5,92,92,87,96,91,9,8,13,4,9,95,96,95,95,69,30.891
16.7.2022,10:13.8,3641.1,3790.7,3591.2,3591.2,3591.2,2371.4,92,94,86,95,93,8,6,14,5,7,96,95,95,95,70,31.48
16.7.2022,10:16.0,3591.2,3491.5,3591.2,3591.2,3691,1904.9,91,93,88,95,89,9,7,12,5,11,95,95,95,95,69,29.31
16.7.2022,10:19.1,3515.5,3889.5,3291.1,3390.9,3490.6,2431.6,92,95,88,95,91,8,5,12,5,9,97,95,95,95,68,30.541
16.7.2022,10:21.3,3740.8,3591.2,3790.7,3790.7,3790.7,2179.2,91,92,88,93,91,9,8,12,7,9,95,93,95,95,69,32.26
16.7.2022,10:23.4,3369.2,3294.4,3394.2,3394.2,3394.2,1493.4,70,75,71,68,67,30,25,29,32,33,75,75,74,74,67,24.839
16.7.2022,10:25.5,3514.7,3489.7,3489.7,3489.7,3589.5,3248,92,90,87,95,94,9,10,13,5,6,94,95,95,95,69,38.663
16.7.2022,10:27.6,3168,3193,3193,3193,3093.2,1444.1,76,78,77,74,75,24,22,23,26,25,78,78,81,81,68,26.273
16.7.2022,10:29.7,3766.7,3691.9,3791.6,3791.6,3791.6,2062,89,91,83,94,89,11,9,17,6,11,95,94,96,96,69,31.238
16.7.2022,10:31.8,3541.3,3591.2,3591.2,3591.2,3391.7,1808.9,92,94,85,94,93,9,6,15,6,7,96,94,96,96,68,28.622
16.7.2022,10:33.9,3316.9,3291.9,3291.9,3291.9,3391.7,2600.2,76,73,78,74,80,24,27,22,26,20,78,80,79,79,68,36.538
16.7.2022,10:36.0,3194.5,3194.5,3194.5,3194.5,3194.5,2205.2,77,76,79,77,74,24,24,21,23,26,79,79,82,82,69,30.976
16.7.2022,10:38.1,3292.7,3292.7,3292.7,3292.7,3292.7,957.9,70,69,70,72,69,30,31,30,28,31,72,72,74,74,67,20.534
16.7.2022,10:40.5,3517.2,3592.1,3392.5,3592.1,3492.3,2904.3,91,92,85,94,91,10,8,15,6,9,95,94,95,95,69,35.943
16.7.2022,10:42.6,3391.7,3391.7,3391.7,3391.7,3391.7,1775.6,70,70,73,67,69,30,30,27,33,31,73,73,75,75,68,28.888
16.7.2022,10:44.7,3118.1,3093.2,3093.2,3193,3093.2,1524,73,71,72,75,73,27,29,28,25,27,74,75,79,79,67,27.878
16.7.2022,10:46.7,3291.1,3291.1,3291.1,3291.1,3291.1,2005.5,77,77,76,77,77,23,23,24,23,23,80,77,82,82,69,31.074
16.7.2022,10:49.1,3490.6,3490.6,3490.6,3490.6,3490.6,1873.7,90,91,86,94,90,10,9,14,6,10,94,94,95,95,68,31.49
16.7.2022,10:51.1,3190.6,3190.6,3190.6,3190.6,3190.6,1260,69,69,71,66,71,31,31,29,34,29,71,71,73,73,66,22.535
16.7.2022,10:53.2,3665.1,3789.8,3590.3,3590.3,3690,1812.3,92,95,85,96,90,9,5,15,4,10,95,96,96,96,70,28.511
16.7.2022,10:55.3,3293.6,3293.6,3293.6,3293.6,3293.6,940.4,70,75,71,68,67,30,25,29,32,33,75,75,74,74,66,20.938
16.7.2022,10:57.4,3091.7,3091.7,3091.7,3091.7,3091.7,862.5,70,69,70,66,73,31,31,30,34,27,73,73,74,74,66,19.712
16.7.2022,10:59.5,3316.9,3391.7,3291.9,3291.9,3291.9,836.4,70,69,73,70,67,30,31,27,30,33,73,73,73,73,65,19.166
16.7.2022,11:01.6,3890.5,3990.2,3990.2,3790.7,3790.7,2354.2,90,84,89,96,90,10,16,11,4,10,93,96,96,96,69,31.917
16.7.2022,11:03.6,3391.7,3391.7,3391.7,3391.7,3391.7,1275.7,71,69,70,77,69,29,31,30,23,31,77,77,77,77,66,24.173
16.7.2022,11:05.8,3714.1,3689.2,3788.9,3689.2,3689.2,1263.3,92,94,87,92,95,8,6,13,8,5,94,95,93,93,68,23.78
16.7.2022,11:08.1,3441.6,3391.7,3391.7,3491.5,3491.5,2601,90,93,83,94,91,10,7,17,6,9,95,94,95,95,68,37.06
16.7.2022,11:10.2,3215.6,3290.3,3190.6,3190.6,3190.6,2444,72,75,73,71,70,28,25,27,29,30,75,75,77,77,66,31.98
16.7.2022,11:12.2,3717.7,3593,3692.8,3792.6,3792.6,1969.5,91,90,89,91,92,10,10,11,9,8,94,92,95,95,68,28.571
16.7.2022,11:14.6,3441.6,3491.5,3291.9,3491.5,3491.5,1786.9,91,91,85,95,91,10,9,15,5,9,94,95,95,95,68,27.992
16.7.2022,11:16.7,3192.2,3192.2,3192.2,3192.2,3192.2,2301.4,76,76,78,77,71,25,24,22,23,29,78,78,78,78,68,34.887
16.7.2022,11:18.8,3516.4,3491.5,3591.2,3491.5,3491.5,2441.6,90,92,84,95,89,10,8,16,5,11,96,95,96,96,68,33.411
16.7.2022,11:21.2,3439.9,3390,3589.5,3390,3390,1529.6,91,90,84,95,93,10,10,16,5,7,95,95,94,94,68,25.534
16.7.2022,11:23.4,3641.1,3391.7,3691,3691,3790.7,2243.7,90,92,84,92,90,11,8,16,8,10,96,92,96,95,66,31.721
16.7.2022,11:25.6,3740.8,3591.2,3890.5,3890.5,3591.2,2588.7,92,91,90,93,93,8,9,10,7,7,96,93,96,96,68,36.01
16.7.2022,11:27.7,3291.1,3291.1,3291.1,3291.1,3291.1,2100.9,71,71,71,70,71,29,29,29,30,29,71,71,77,77,66,29.347
16.7.2022,11:29.7,3890.5,3790.7,3790.7,3990.2,3990.2,2430.1,88,85,87,90,90,12,15,13,10,10,95,90,96,96,70,33.327
16.7.2022,11:31.9,3441.6,3491.5,3491.5,3391.7,3391.7,1867.4,91,92,86,95,89,10,8,14,5,11,96,95,96,96,68,28.371
16.7.2022,11:34.0,3617,3592.1,3691.9,3592.1,3592.1,1419.2,92,95,88,95,89,8,5,12,5,11,95,95,93,93,68,25.05
16.7.2022,11:36.1,3367.6,3392.5,3392.5,3292.7,3392.5,2774.3,75,75,77,76,72,25,25,23,24,28,77,77,82,82,69,37.863
16.7.2022,11:38.4,3391.7,3391.7,3391.7,3291.9,3491.5,2243,92,94,85,95,94,8,6,15,5,6,95,95,96,96,67,32.54
16.7.2022,11:40.5,3293.6,3293.6,3293.6,3293.6,3293.6,2080.3,72,70,72,71,73,29,30,28,29,27,72,73,76,76,66,31.796
16.7.2022,11:42.7,3614.4,3589.5,3589.5,3489.7,3788.9,1405.5,92,93,86,95,94,8,7,14,5,6,95,95,95,95,67,23.817
16.7.2022,11:44.8,3491.5,3491.5,3491.5,3391.7,3591.2,2031.6,92,91,88,93,94,9,9,12,7,6,95,94,96,96,67,30.903
16.7.2022,11:46.9,3192.2,3192.2,3192.2,3192.2,3192.2,1863.8,73,74,74,72,72,27,26,26,28,28,75,74,80,80,66,32.092
16.7.2022,11:49.0,3666.9,3791.6,3691.9,3592.1,3592.1,1859.9,91,93,83,97,91,9,7,17,3,9,98,97,96,96,69,29.487
16.7.2022,11:51.1,3665.1,3490.6,3690,3690,3789.8,995.7,80,80,78,80,81,20,20,22,20,19,80,81,86,86,65,21.478
16.7.2022,11:53.1,3341,3390.9,3390.9,3291.1,3291.1,929,70,69,74,70,67,30,31,26,30,33,74,74,77,77,66,20.836
16.7.2022,11:55.2,3992.2,3992.2,3992.2,3992.2,3992.2,1870.1,85,87,82,85,87,15,13,18,15,13,91,87,94,94,68,31.059
16.7.2022,11:57.3,3992.2,3992.2,3992.2,3992.2,3992.2,982.6,90,93,88,90,89,10,7,12,10,11,93,93,96,96,66,21.016
16.7.2022,11:59.4,3865.5,3790.7,3790.7,3890.5,3990.2,1385.2,91,91,88,92,94,9,9,12,8,6,96,94,93,93,68,26.764
16.7.2022,12:01.5,3367.6,3392.5,3392.5,3392.5,3292.7,1753.6,74,77,74,73,73,26,23,26,27,27,77,77,78,78,66,30.354
16.7.2022,12:03.7,3566.3,3491.5,3391.7,3691,3691,2167,90,95,84,91,90,10,5,16,9,10,95,95,96,96,67,30.488
16.7.2022,12:05.8,3217.1,3092.4,3192.2,3291.9,3291.9,1782.8,71,69,73,69,72,29,31,27,31,28,73,73,75,75,66,27.022
16.7.2022,12:07.8,3865.5,3890.5,3890.5,3890.5,3790.7,1664.9,77,74,77,81,74,24,26,23,19,26,82,81,85,85,66,29.094
16.7.2022,12:10.0,3889.5,3889.5,3889.5,3889.5,3889.5,2221.1,90,82,86,94,96,11,18,14,6,4,90,96,94,94,69,33.142
16.7.2022,12:12.1,3514.7,3390,3888.6,3390,3390,1925.2,90,90,84,95,91,10,10,16,5,9,95,95,94,94,67,30.41
16.7.2022,12:14.2,3291.9,3291.9,3291.9,3291.9,3291.9,1941.7,70,70,74,68,68,30,30,26,32,32,74,74,76,76,66,31.425
16.7.2022,12:16.3,2991.9,2991.9,2991.9,2991.9,2991.9,2083.4,73,75,73,71,72,27,25,27,29,28,75,75,76,76,68,30.786
16.7.2022,12:18.5,3517.2,3592.1,3592.1,3392.5,3492.3,2431.1,93,95,89,90,96,8,5,11,10,4,95,96,95,95,70,34.707
16.7.2022,12:20.6,3415,3290.3,3290.3,3390,3689.2,1978.9,90,90,84,96,91,10,10,16,4,9,97,96,95,95,69,30.878
16.7.2022,12:22.7,3390,3390,3390,3390,3390,1367.8,70,69,72,70,70,30,31,28,30,30,74,72,77,77,68,26.464
16.7.2022,12:24.8,3440.7,3490.6,3490.6,3390.9,3390.9,2779.8,83,88,82,83,79,17,12,18,17,21,88,88,90,90,69,38.863
16.7.2022,12:26.9,3192.2,3192.2,3192.2,3192.2,3192.2,2327.8,73,72,73,72,73,28,28,27,28,27,73,73,77,77,68,35.503
16.7.2022,12:28.9,3789.8,3789.8,3789.8,3789.8,3789.8,1000.3,79,82,79,77,78,21,18,21,23,22,82,82,83,83,67,21.517
16.7.2022,12:31.0,3341,3291.1,3291.1,3390.9,3390.9,1617.2,70,70,74,67,68,30,30,26,33,32,74,74,76,76,68,26.689
16.7.2022,12:33.1,3192.2,2992.7,2992.7,3391.7,3391.7,1683.4,76,78,77,75,75,24,22,23,25,25,78,78,91,91,69,29.007
16.7.2022,12:35.8,3391.7,3391.7,3391.7,3391.7,3391.7,2178.5,92,93,87,95,94,8,7,13,5,6,95,95,95,95,67,31.363
16.7.2022,12:37.9,3467.4,3392.5,3492.3,3492.3,3492.3,2977.8,91,93,86,94,91,9,7,14,6,9,94,94,95,95,69,37.596
16.7.2022,12:40.0,3394.2,3394.2,3394.2,3394.2,3394.2,1870.7,78,80,77,77,79,22,20,23,23,21,82,80,79,79,68,30.593
16.7.2022,12:42.1,2992.7,2992.7,2992.7,2992.7,2992.7,2196.5,71,72,70,72,71,29,28,30,28,29,74,72,78,78,68,33.771
16.7.2022,12:44.1,3143.1,3193,3193,3093.2,3093.2,2346.4,70,70,75,68,68,30,30,25,32,32,75,75,76,76,68,33.965
16.7.2022,12:46.3,3343.5,3293.6,3393.4,3293.6,3393.4,2098.9,91,90,86,94,94,9,10,14,6,6,95,94,94,94,69,32.552
16.7.2022,12:48.4,3666.9,3592.1,3691.9,3691.9,3691.9,1392.6,74,72,72,70,80,27,28,28,30,20,80,80,85,85,67,26.667
16.7.2022,12:50.5,3493.2,3493.2,3493.2,3493.2,3493.2,1507.9,75,74,74,77,73,26,26,26,23,27,77,77,79,79,66,27.697
16.7.2022,12:52.7,3442.4,3492.3,3392.5,3492.3,3392.5,2378.2,92,95,86,94,93,8,5,14,6,7,95,95,94,94,68,33.151
16.7.2022,12:54.8,3843.4,3993.2,3793.5,3793.5,3793.5,2323.3,91,95,85,95,90,9,5,15,5,10,95,95,96,96,69,34.413
16.7.2022,12:56.9,2994.2,2994.2,2994.2,2994.2,2994.2,2584,73,71,75,75,72,27,29,25,25,28,75,75,77,77,68,34.572
16.7.2022,12:59.2,3492.3,3492.3,3492.3,3492.3,3492.3,3149.9,92,94,86,95,92,8,6,14,5,8,95,95,94,94,69,38.76
16.7.2022,13:01.3,3566.3,3591.2,3591.2,3591.2,3491.5,2222.2,92,91,88,94,95,8,9,12,6,5,94,95,95,95,68,30.675
16.7.2022,13:03.4,3865.5,3790.7,3890.5,3890.5,3890.5,2762,91,94,84,94,92,9,6,16,6,8,94,94,95,95,69,37.67
16.7.2022,13:05.5,3491.5,3491.5,3491.5,3491.5,3491.5,1580.3,73,71,77,70,73,27,29,23,30,27,78,77,80,80,66,27.478
16.7.2022,13:07.5,3988.3,3988.3,3988.3,3988.3,3988.3,1967.7,90,94,89,88,87,11,6,11,12,13,94,94,94,94,67,31.082
16.7.2022,13:09.6,3167.3,3092.4,3192.2,3192.2,3192.2,1382.3,70,70,70,67,74,30,30,30,33,26,74,74,75,75,67,27.93
16.7.2022,13:11.7,3091.7,3091.7,3091.7,3091.7,3091.7,1648.5,72,71,73,69,75,28,29,27,31,25,74,75,80,80,67,28.481
16.7.2022,13:13.8,3217.1,3291.9,3192.2,3192.2,3192.2,1438.3,74,75,75,72,73,26,25,25,28,27,75,75,78,78,67,25.182
16.7.2022,13:15.8,3641.1,3790.7,3591.2,3591.2,3591.2,1588.8,91,92,86,96,89,9,8,14,4,11,95,96,96,96,69,26.785
16.7.2022,13:17.9,3090.9,3090.9,3090.9,3090.9,3090.9,1361.3,69,69,71,65,71,31,31,29,35,29,71,71,73,73,66,23.592
16.7.2022,13:20.0,3641.1,3491.5,3591.2,3890.5,3591.2,2694.2,93,96,86,93,96,7,4,14,7,4,96,96,94,94,68,35.813
16.7.2022,13:22.1,3191.4,3191.4,3191.4,3191.4,3191.4,1105.7,69,70,74,66,67,31,30,26,34,33,74,74,75,75,67,21.979
16.7.2022,13:24.2,3288.7,3288.7,3288.7,3288.7,3288.7,2171.8,75,74,78,75,74,25,26,22,25,26,78,78,80,80,69,32.369
16.7.2022,13:26.4,3765.8,3790.7,3591.2,3890.5,3790.7,1096.2,93,95,88,94,93,8,5,12,6,7,95,95,94,94,67,21.796
16.7.2022,13:28.5,3916.4,3891.4,3991.2,3891.4,3891.4,2282.7,88,84,83,88,95,13,16,17,12,5,89,95,94,94,67,32.65
16.7.2022,13:30.6,3341,3291.1,3191.4,3191.4,3690,1690,83,82,82,80,86,18,18,18,20,14,82,86,91,91,68,30.691
16.7.2022,13:32.8,3991.2,3991.2,3991.2,3991.2,3991.2,1388.2,89,91,84,87,92,12,9,16,13,8,91,92,96,96,66,24.851
16.7.2022,13:34.8,3294.4,3294.4,3294.4,3294.4,3294.4,1650.8,71,70,71,69,73,29,30,29,31,27,73,73,75,75,65,26.719
16.7.2022,13:36.9,3341.8,3291.9,3291.9,3391.7,3391.7,1019.9,70,70,71,73,66,30,30,29,27,34,72,73,76,76,66,21.943
16.7.2022,13:39.0,3090.2,3090.2,3090.2,3090.2,3090.2,2072.9,71,71,72,73,69,29,29,28,27,31,73,73,77,77,66,31.012
16.7.2022,13:41.0,3290.3,3290.3,3290.3,3290.3,3290.3,1018.1,70,69,71,67,71,31,31,29,33,29,71,71,75,75,65,19.842
16.7.2022,13:43.1,3390.9,3390.9,3390.9,3390.9,3390.9,2653.9,75,80,75,76,70,25,20,25,24,30,80,80,81,81,68,37.127
16.7.2022,13:45.2,3343.5,3493.2,3493.2,3193.8,3193.8,1499.7,81,81,83,79,79,20,19,17,21,21,83,83,82,82,68,27.461
16.7.2022,13:47.3,3291.1,3291.1,3291.1,3291.1,3291.1,1350.6,69,69,72,70,66,31,31,28,30,34,72,72,75,75,67,24.07
16.7.2022,13:49.4,3392.5,3392.5,3392.5,3392.5,3392.5,1636.3,80,83,78,78,82,20,17,22,22,18,83,83,83,83,68,29.147
16.7.2022,13:51.4,3392.5,3392.5,3392.5,3392.5,3392.5,1091.9,72,71,73,74,68,29,29,27,26,32,74,74,76,76,67,22.603
16.7.2022,13:53.6,3341.8,3391.7,3391.7,3291.9,3291.9,910.5,71,72,71,72,67,30,28,29,28,33,72,72,76,76,66,21.662
16.7.2022,13:55.6,3292.7,3292.7,3292.7,3292.7,3292.7,2112.4,74,73,76,76,72,26,27,24,24,28,76,76,79,79,67,33.268
16.7.2022,13:57.7,3393.4,3393.4,3393.4,3393.4,3393.4,869.3,72,69,75,71,71,29,31,25,29,29,75,75,74,74,66,20.079
16.7.2022,13:59.8,3390.9,3390.9,3390.9,3390.9,3390.9,894.9,71,69,71,76,66,30,31,29,24,34,76,76,80,80,66,20.663
16.7.2022,14:01.8,3440.7,3490.6,3490.6,3390.9,3390.9,903.5,71,70,74,72,66,30,30,26,28,34,74,74,77,77,65,20.57
16.7.2022,14:03.9,3941.3,3991.2,3991.2,3891.4,3891.4,1734.2,92,92,87,95,93,8,8,13,5,7,93,95,94,94,68,29.157
16.7.2022,14:06.0,3294.4,3294.4,3294.4,3294.4,3294.4,1368.1,69,68,71,65,72,31,32,29,35,28,72,72,75,75,65,27.577
16.7.2022,14:08.2,3642,3691.9,3691.9,3592.1,3592.1,1150.2,92,94,87,95,93,8,6,13,5,7,96,95,95,95,67,22.282
16.7.2022,14:10.3,3292.7,3292.7,3292.7,3292.7,3292.7,2498.9,71,70,75,71,67,29,30,25,29,33,75,75,75,75,66,34.304
16.7.2022,14:12.4,3641.1,3591.2,3591.2,3691,3691,2226.8,92,93,87,94,93,8,7,13,6,7,95,94,95,95,68,31.694
16.7.2022,14:14.6,3839.6,3889.5,3889.5,3789.8,3789.8,1227.4,92,94,88,92,93,8,6,12,8,7,94,94,96,96,66,24.134
16.7.2022,14:16.6,3240.5,3290.3,3190.6,3190.6,3290.3,1959.6,70,69,70,73,66,31,31,30,27,34,73,73,78,78,66,30.435
16.7.2022,14:18.8,3617,3691.9,3691.9,3492.3,3592.1,1581.4,92,96,86,94,90,9,4,14,6,10,96,96,95,95,67,27.463
16.7.2022,14:20.9,3292.7,3292.7,3292.7,3292.7,3292.7,1752.5,74,73,75,76,71,26,27,25,24,29,75,76,81,81,69,32.897
16.7.2022,14:22.9,3292.7,3292.7,3292.7,3292.7,3292.7,2285.3,72,70,75,68,73,29,30,25,32,27,75,75,78,78,67,32.349
16.7.2022,14:25.1,3642,3592.1,3592.1,3492.3,3891.4,1368,93,95,86,96,93,8,5,14,4,7,95,96,95,95,67,25.55
16.7.2022,14:27.2,3291.9,3291.9,3291.9,3291.9,3291.9,1635.6,71,70,71,71,72,29,30,29,29,28,72,72,76,76,68,28.028
16.7.2022,14:29.2,3340.2,3290.3,3290.3,3390,3390,1761.6,72,69,72,72,73,29,31,28,28,27,72,73,76,76,67,30.889
16.7.2022,14:31.3,3666.9,3592.1,3691.9,3691.9,3691.9,1934.4,92,93,86,94,95,8,7,14,6,5,96,95,96,96,68,32.606
16.7.2022,14:33.4,3990.2,3990.2,3990.2,3990.2,3990.2,1588.4,88,89,85,89,88,12,11,15,11,12,89,89,86,86,65,27.328
16.7.2022,14:35.5,3391.7,3391.7,3391.7,3391.7,3391.7,1977.3,81,86,79,80,78,19,14,21,20,22,86,86,85,85,68,30.726
16.7.2022,14:37.7,3988.3,3988.3,3988.3,3988.3,3988.3,955.6,88,85,86,89,92,12,15,14,11,8,90,92,95,95,66,20.36
16.7.2022,14:39.7,3143.1,3093.2,3093.2,3193,3193,1578.7,69,69,73,69,66,31,31,27,31,34,73,73,74,74,66,27.129
16.7.2022,14:41.8,3341.8,3291.9,3291.9,3391.7,3391.7,1123,70,69,74,66,69,31,31,26,34,31,74,74,75,75,65,22.986
16.7.2022,14:43.9,3291.9,3291.9,3291.9,3291.9,3291.9,1324.6,71,70,71,74,68,29,30,29,26,32,74,74,75,75,65,28.129
16.7.2022,14:45.9,3394.2,3394.2,3394.2,3394.2,3394.2,875.9,69,69,73,66,67,31,31,27,34,33,73,73,77,77,65,20.41
16.7.2022,14:48.0,3242.1,3291.9,3192.2,3192.2,3291.9,1370.4,72,70,71,74,71,29,30,29,26,29,75,74,74,74,66,25.676
16.7.2022,14:50.1,3192.2,3092.4,3192.2,3192.2,3291.9,849.4,69,67,71,65,71,32,33,29,35,29,71,71,73,73,65,20.149
16.7.2022,14:52.2,3267,3291.9,3192.2,3291.9,3291.9,908.7,70,73,70,70,66,30,27,30,30,34,73,73,74,74,64,20.25
16.7.2022,14:54.2,3365.9,3291.1,3390.9,3390.9,3390.9,1085.5,70,71,70,68,72,30,29,30,32,28,71,72,75,75,66,23.138
16.7.2022,14:56.5,3692.8,3692.8,3692.8,3692.8,3692.8,1624.5,92,92,87,95,92,9,8,13,5,8,94,95,96,96,66,27.292
16.7.2022,14:58.6,3417.5,3392.5,3392.5,3392.5,3492.3,1635.2,71,70,75,70,68,29,30,25,30,32,75,75,77,77,67,29.671
16.7.2022,15:00.6,3390.9,3390.9,3390.9,3390.9,3390.9,1012.3,75,75,75,74,75,25,25,25,26,25,75,75,81,81,65,21.643
16.7.2022,15:02.7,3266.2,3291.1,3291.1,3291.1,3191.4,936,69,67,72,65,70,32,33,28,35,30,72,72,74,74,64,19.794
16.7.2022,15:04.8,3193,3193,3193,3193,3193,2684.5,74,74,75,77,71,26,26,25,23,29,77,77,81,81,67,38.615
16.7.2022,15:06.9,3893.3,3793.5,3893.3,3993.2,3893.3,1508.2,91,95,87,94,89,9,5,13,6,11,96,95,96,96,68,26.167
16.7.2022,15:09.0,3942.3,3792.6,3992.2,3992.2,3992.2,2108.6,90,91,84,92,91,11,9,16,8,9,96,92,96,96,68,31.883
16.7.2022,15:11.0,3293.6,3293.6,3293.6,3293.6,3293.6,1943.8,71,70,71,69,74,29,30,29,31,26,74,74,77,77,67,30.48
16.7.2022,15:13.1,3317.7,3392.5,3292.7,3292.7,3292.7,1849.2,72,74,73,72,68,28,26,27,28,32,74,74,78,78,67,29.475
16.7.2022,15:15.4,3615.2,3690,3590.3,3590.3,3590.3,1427.9,92,93,87,95,93,8,7,13,5,7,94,95,95,95,68,25.158
16.7.2022,15:17.4,3942.3,3992.2,3992.2,3892.4,3892.4,2253.6,88,83,84,88,96,12,17,16,12,4,94,96,96,96,69,32.378
16.7.2022,15:19.5,3391.7,3391.7,3391.7,3391.7,3391.7,2444,78,82,80,73,78,22,18,20,27,22,82,82,83,83,70,35.552
16.7.2022,15:21.5,2992.7,2992.7,2992.7,2992.7,2992.7,2351,75,76,74,75,73,26,24,26,25,27,76,76,80,80,68,34.643
16.7.2022,15:23.7,3341.8,3291.9,3291.9,3391.7,3391.7,1008.7,71,68,69,74,72,29,32,31,26,28,74,74,79,79,66,21.59
16.7.2022,15:25.7,3143.1,3093.2,3093.2,3193,3193,2144.6,69,67,73,65,69,32,33,27,35,31,73,73,73,74,66,32.22
16.7.2022,15:27.8,3540.5,3590.3,3590.3,3490.6,3490.6,1548.5,77,74,78,80,74,24,26,22,20,26,79,80,84,84,67,27.721
16.7.2022,15:30.3,3467.4,3492.3,3492.3,3492.3,3392.5,1528.8,91,90,87,94,91,10,10,13,6,9,95,94,95,95,67,26.281
16.7.2022,15:32.5,3539.6,3489.7,3589.5,3589.5,3489.7,2096.4,92,93,85,96,93,8,7,15,4,7,95,96,95,95,67,32.504
16.7.2022,15:34.6,3065.3,3090.2,2990.5,3090.2,3090.2,1297.4,69,69,71,70,66,31,31,29,30,34,71,71,75,75,66,24.833
16.7.2022,15:36.6,3142.3,3192.2,3192.2,3092.4,3092.4,1626.3,69,73,70,68,65,31,27,30,32,35,73,73,72,72,65,28.181
16.7.2022,15:38.8,3092.4,3092.4,3092.4,3092.4,3092.4,1400.5,68,68,70,64,71,32,32,30,36,29,71,71,74,74,66,25.3
16.7.2022,15:40.8,3291.1,3291.1,3291.1,3291.1,3291.1,2332.6,71,69,75,69,72,29,31,25,31,28,75,75,78,78,67,36.869
16.7.2022,15:42.9,3593.8,3593.8,3593.8,3593.8,3593.8,1143.3,93,95,88,95,93,7,5,12,5,7,96,95,95,95,67,22.213
16.7.2022,15:45.0,3192.2,3192.2,3192.2,3192.2,3192.2,1717.9,69,68,73,70,66,31,32,27,30,34,73,73,73,73,66,27.495
16.7.2022,15:47.1,2991.9,2991.9,2991.9,2991.9,2991.9,1216.6,68,68,71,67,67,32,32,29,33,33,71,71,72,72,64,23.122
16.7.2022,15:49.2,3915.4,3890.5,3890.5,3890.5,3990.2,1559.5,92,93,86,93,94,9,7,14,7,6,93,94,96,96,67,26.374
16.7.2022,15:51.4,3791.6,3991.2,3891.4,3791.6,3492.3,1918.7,91,90,86,95,93,9,10,14,5,7,92,95,97,97,67,32.513
16.7.2022,15:53.5,3465.7,3191.4,3191.4,3690,3789.8,1967.7,80,78,76,83,83,20,22,24,17,17,78,83,91,91,67,31.408
16.7.2022,15:55.6,3293.6,3293.6,3293.6,3293.6,3293.6,1624.6,71,72,73,67,71,29,28,27,33,29,73,73,77,77,66,28.515
16.7.2022,15:57.7,3117.4,3092.4,3092.4,3192.2,3092.4,1724.3,72,70,75,70,73,28,30,25,30,27,75,75,79,79,66,28.087
16.7.2022,16:00.0,3519,3593.8,3593.8,3494,3394.2,1759.9,92,92,86,96,92,9,8,14,4,8,94,96,95,95,66,27.925
16.7.2022,16:02.1,3191.4,3191.4,3191.4,3191.4,3191.4,1603,69,69,70,72,65,31,31,30,28,35,72,72,76,76,65,27.345
16.7.2022,16:04.1,3189.9,3289.5,3289.5,3090.2,3090.2,1350.9,69,69,72,68,67,31,31,28,32,33,72,72,75,75,65,25.097
16.7.2022,16:06.2,3441.6,3391.7,3391.7,3491.5,3491.5,883.6,72,72,72,72,70,29,28,28,28,30,72,72,76,76,66,19.938
16.7.2022,16:08.3,3341.8,3391.7,3391.7,3291.9,3291.9,1456.7,72,69,73,72,72,29,31,27,28,28,73,73,75,75,65,26.849
16.7.2022,16:10.4,3866.5,3791.6,3891.4,3891.4,3891.4,1488.3,75,70,77,76,78,25,30,23,24,22,78,78,79,79,66,27.6
16.7.2022,16:12.5,3716.8,3691.9,3592.1,3791.6,3791.6,1762,86,85,89,88,82,14,15,11,12,18,93,89,92,92,69,30.373
16.7.2022,16:14.6,3889.5,3690,3989.2,3989.2,3889.5,1801.3,89,87,83,89,96,11,13,17,11,4,87,96,96,96,68,30.9
16.7.2022,16:16.7,3341,3291.1,3291.1,3390.9,3390.9,1269.2,70,69,74,71,67,30,31,26,29,33,74,74,76,76,68,25.305
16.7.2022,16:18.8,3989.2,3989.2,3989.2,3989.2,3989.2,1643,86,87,81,89,88,14,13,19,11,12,88,89,94,94,69,28.551
16.7.2022,16:20.9,3391.7,3391.7,3391.7,3391.7,3391.7,912.6,69,69,71,66,69,31,31,29,34,31,74,71,75,75,66,21.538
16.7.2022,16:22.9,3194.5,3194.5,3194.5,3194.5,3194.5,1670.6,77,77,76,74,80,23,23,24,26,20,80,80,81,81,69,28.28
16.7.2022,16:25.0,3242.8,3292.7,3193,3193,3292.7,1014.7,70,71,70,67,71,30,29,30,33,29,71,71,76,76,66,21.263
16.7.2022,16:27.1,3939.4,3989.2,3989.2,3889.5,3889.5,2075.2,89,90,96,83,87,11,10,4,17,13,91,96,95,95,70,32.68
16.7.2022,16:29.2,3987.3,3987.3,3987.3,3987.3,3987.3,1380.7,86,86,83,93,81,14,14,17,7,19,91,93,91,91,69,26.386
16.7.2022,16:31.3,3491.5,3491.5,3491.5,3491.5,3491.5,1375,71,69,74,72,69,29,31,26,28,31,73,74,77,77,65,24.701
16.7.2022,16:33.4,3790.7,3790.7,3790.7,3790.7,3790.7,1884.7,93,95,87,95,93,8,5,13,5,7,96,95,94,94,68,30.339
16.7.2022,16:35.6,3642,3791.6,3492.3,3691.9,3592.1,1207.6,92,95,84,95,93,8,5,16,5,7,96,95,95,95,67,22.79
16.7.2022,16:37.8,3515.5,3490.6,3590.3,3490.6,3490.6,2763.8,91,91,83,95,95,9,9,17,5,5,96,95,96,96,69,39.97
16.7.2022,16:39.9,3217.1,3192.2,3192.2,3192.2,3291.9,1559.4,71,69,70,73,70,30,31,30,27,30,71,73,73,73,67,26.723
16.7.2022,16:42.0,3319.3,3294.4,3294.4,3394.2,3294.4,1771.8,72,76,73,67,71,28,24,27,33,29,76,76,75,75,67,29.612
16.7.2022,16:44.1,3594.7,3694.6,3694.6,3494.9,3494.9,1599.9,81,87,79,82,77,19,13,21,18,23,87,87,85,85,68,28.366
16.7.2022,16:46.2,3489.7,3489.7,3489.7,3489.7,3489.7,2022.3,81,80,82,81,80,19,20,18,19,20,82,82,85,85,69,33.116
16.7.2022,16:48.5,3991.2,3991.2,3991.2,3991.2,3991.2,1174.3,92,92,88,92,95,8,8,12,8,5,93,95,96,96,66,22.208
16.7.2022,16:50.5,3266.2,3291.1,3291.1,3291.1,3191.4,2037.6,72,74,70,73,69,29,26,30,27,31,74,74,77,77,67,30.859
16.7.2022,16:52.5,3291.9,3291.9,3291.9,3291.9,3291.9,1875.8,76,77,75,76,74,25,23,25,24,26,77,77,77,77,67,29.27
16.7.2022,16:54.6,3066,2991.2,3090.9,3090.9,3090.9,1365.9,68,67,71,69,65,32,33,29,31,35,70,71,75,75,65,24.919
16.7.2022,16:56.8,3990.2,3990.2,3990.2,3990.2,3990.2,1563.5,89,89,87,94,86,11,11,13,6,14,90,94,89,89,68,26.438
16.7.2022,16:58.8,3342.6,3392.5,3292.7,3292.7,3392.5,967.9,70,70,71,66,73,30,30,29,34,27,72,73,74,74,66,21.623
16.7.2022,17:00.9,3790.7,3990.2,3790.7,3591.2,3790.7,2284.2,93,91,90,96,96,7,9,10,4,4,93,96,95,95,69,35.397
16.7.2022,17:03.0,3240.5,3290.3,3290.3,3190.6,3190.6,1732.1,74,73,74,77,70,27,27,26,23,30,76,77,81,81,68,30.255
16.7.2022,17:05.2,3591.2,3591.2,3591.2,3591.2,3591.2,1565.9,92,94,87,94,93,8,6,13,6,7,95,94,95,95,67,26.942
16.7.2022,17:07.3,2991.9,2991.9,2991.9,2991.9,2991.9,1629.1,73,71,73,73,74,27,29,27,27,26,74,74,79,79,64,26.598
16.7.2022,17:09.4,3492.3,3492.3,3492.3,3392.5,3592.1,1696.2,77,77,79,72,81,23,23,21,28,19,80,81,85,85,67,28.482
16.7.2022,17:11.6,3817.5,3892.4,3892.4,3792.6,3692.8,1738.3,91,90,88,91,95,9,10,12,9,5,92,95,95,95,67,29.069
16.7.2022,17:13.6,3390,3390,3390,3390,3390,1613,71,70,74,71,67,30,30,26,29,33,74,74,79,79,66,27.936
16.7.2022,17:15.7,3341.8,3291.9,3391.7,3291.9,3391.7,1552,72,78,74,70,67,28,22,26,30,33,78,78,83,83,65,27.988
16.7.2022,17:17.7,3991.2,3991.2,3991.2,3991.2,3991.2,1315,86,87,86,88,84,14,13,14,12,16,88,88,96,96,67,25.643
16.7.2022,17:19.8,3542.2,3492.3,3492.3,3592.1,3592.1,1221.8,75,72,73,79,75,25,28,27,21,25,78,79,80,80,65,25.264
16.7.2022,17:21.9,3390.9,3390.9,3390.9,3390.9,3390.9,1954.5,72,71,75,75,68,28,29,25,25,32,75,75,82,82,66,35.63
16.7.2022,17:24.0,3442.4,3392.5,3392.5,3492.3,3492.3,1286.7,72,70,74,74,69,28,30,26,26,31,74,74,78,78,65,25.472
16.7.2022,17:26.0,3989.2,3989.2,3989.2,3989.2,3989.2,1683.8,88,92,84,81,94,12,8,16,19,6,94,94,95,95,66,31.088
16.7.2022,17:28.1,3664.2,3689.2,3788.9,3589.5,3589.5,1440.3,88,92,79,92,89,12,8,21,8,11,92,92,95,95,66,28.249
16.7.2022,17:30.2,3766.7,3691.9,3791.6,3791.6,3791.6,1062.9,76,72,79,69,82,25,28,21,31,18,78,82,81,81,66,25.923
16.7.2022,17:32.5,3542.2,3592.1,3691.9,3492.3,3392.5,1206.7,92,94,88,96,91,8,6,12,4,9,95,96,95,95,65,26.273
16.7.2022,17:34.5,3464.8,3390,3489.7,3489.7,3489.7,1637.8,76,78,75,79,70,25,22,25,21,30,78,79,83,83,64,28.894
16.7.2022,17:36.7,3840.6,3790.7,3790.7,3890.5,3890.5,1346.6,89,94,85,89,89,11,6,15,11,11,94,94,95,95,66,26.526
16.7.2022,17:38.7,3541.3,3491.5,3491.5,3591.2,3591.2,1346.1,71,70,75,70,68,29,30,25,30,32,75,75,80,80,65,25.357
16.7.2022,17:40.8,3691,3591.2,3591.2,3790.7,3790.7,1767.4,75,73,78,77,70,26,27,22,23,30,79,78,81,81,67,30.351
16.7.2022,17:42.8,3488.9,3488.9,3488.9,3488.9,3488.9,1042.3,76,74,78,77,76,24,26,22,23,24,78,78,80,80,65,24.504
16.7.2022,17:45.0,3441.6,3491.5,3491.5,3391.7,3391.7,2390.4,92,91,87,95,94,8,9,13,5,6,95,95,96,96,66,35.079
16.7.2022,17:47.1,3492.3,3492.3,3492.3,3492.3,3492.3,1198,71,71,75,69,69,29,29,25,31,31,75,75,78,78,65,23.7
16.7.2022,17:49.2,3390.9,3390.9,3390.9,3390.9,3390.9,992.1,69,69,73,67,67,31,31,27,33,33,73,73,76,76,65,22.225
16.7.2022,17:51.3,3390.9,3390.9,3390.9,3390.9,3390.9,1752.3,71,71,74,70,69,29,29,26,30,31,74,74,79,79,67,29.925
16.7.2022,17:53.4,3764.8,3590.3,3789.8,3889.5,3789.8,1257.5,92,91,88,93,95,8,9,12,7,5,95,95,96,96,67,23.978
16.7.2022,17:55.5,3316.9,3291.9,3291.9,3291.9,3391.7,1021,71,73,71,70,71,29,27,29,30,29,73,73,75,75,65,22.012
16.7.2022,17:57.6,3391.7,3391.7,3391.7,3391.7,3391.7,902.3,72,71,75,68,72,29,29,25,32,28,74,75,75,75,65,20.82
16.7.2022,17:59.7,3390.9,3390.9,3390.9,3390.9,3390.9,1063.6,72,76,72,70,70,28,24,28,30,30,76,76,78,78,65,22.818
16.7.2022,18:01.7,3389.2,3389.2,3389.2,3389.2,3389.2,1416.4,74,74,72,70,78,27,26,28,30,22,78,78,79,79,67,29.21
16.7.2022,18:03.8,3390,3390,3390,3390,3390,881.5,70,69,71,68,71,30,31,29,32,29,74,71,75,75,65,20.764
16.7.2022,18:05.9,3390,3390,3390,3390,3390,864.7,70,71,71,71,67,30,29,29,29,33,71,71,76,76,65,20.633
16.7.2022,18:08.0,3291.9,3291.9,3291.9,3291.9,3291.9,906.2,69,73,70,65,67,31,27,30,35,33,73,73,74,74,65,21.131
16.7.2022,18:10.1,3344.3,3394.2,3394.2,3294.4,3294.4,998.8,72,70,71,72,74,28,30,29,28,26,70,74,77,77,65,21.19
16.7.2022,18:12.2,3218.7,3193.8,3293.6,3293.6,3094,973.7,69,68,70,67,71,31,32,30,33,29,70,71,72,72,64,20.581
16.7.2022,18:14.2,3492.3,3492.3,3492.3,3492.3,3492.3,977.6,71,73,72,70,70,29,27,28,30,30,73,73,77,77,65,20.624
16.7.2022,18:16.3,3390.9,3390.9,3390.9,3390.9,3390.9,1009.6,70,69,69,74,67,30,31,31,26,33,75,74,75,75,64,21.38
16.7.2022,18:18.4,3466.5,3391.7,3491.5,3491.5,3491.5,1550.4,74,78,75,69,73,26,22,25,31,27,78,78,79,79,65,28.307
16.7.2022,18:20.5,3863.6,3888.6,3888.6,3888.6,3788.9,1819.1,89,92,82,96,87,11,8,18,4,13,95,96,94,94,67,31.392
16.7.2022,18:22.6,3464.8,3489.7,3489.7,3390,3489.7,1385.4,71,71,76,66,72,29,29,24,34,28,76,76,75,75,64,27.018
16.7.2022,18:24.7,3617,3691.9,3592.1,3592.1,3592.1,1174.6,92,93,87,95,91,9,7,13,5,9,95,95,95,95,65,24.323
16.7.2022,18:26.7,3542.2,3492.3,3492.3,3592.1,3592.1,1078.8,70,70,75,66,68,30,30,25,34,32,75,75,76,76,65,23.785
16.7.2022,18:28.8,3614.4,3589.5,3489.7,3689.2,3689.2,1532,72,70,76,71,70,28,30,24,29,30,76,76,79,79,65,27.313
16.7.2022,18:30.9,3465.7,3490.6,3490.6,3490.6,3390.9,1632.6,74,74,78,69,76,26,26,22,31,24,78,78,80,80,66,29.559
16.7.2022,18:33.0,3441.6,3391.7,3391.7,3491.5,3491.5,903,71,69,74,65,75,29,31,26,35,25,74,75,75,75,65,21.649
16.7.2022,18:35.1,3489.7,3390,3390,3390,3788.9,1334.1,86,81,78,91,94,14,19,22,9,6,97,94,95,95,67,28.029
16.7.2022,18:37.1,3490.6,3490.6,3490.6,3490.6,3490.6,1192.6,71,70,75,66,73,29,30,25,34,27,75,75,76,76,66,25.642
16.7.2022,18:39.2,3416.6,3391.7,3391.7,3391.7,3491.5,899.7,71,69,72,72,71,29,31,28,28,29,73,72,78,78,66,22.172
16.7.2022,18:41.3,3490.6,3490.6,3490.6,3490.6,3490.6,1638,78,77,80,82,74,22,23,20,18,26,80,82,81,81,69,29.915
16.7.2022,18:43.4,3242.1,3192.2,3192.2,3291.9,3291.9,997.4,71,70,71,70,72,29,30,29,30,28,71,72,77,77,65,22.407
16.7.2022,18:45.4,3441.6,3491.5,3491.5,3391.7,3391.7,1440.1,70,75,72,66,67,30,25,28,34,33,75,75,76,76,66,26.721
16.7.2022,18:47.5,3392.5,3292.7,3392.5,3392.5,3492.3,1480.4,74,74,73,74,73,27,26,27,26,27,74,74,81,81,65,26.207
16.7.2022,18:49.6,3393.4,3393.4,3393.4,3393.4,3393.4,1458.2,71,69,74,66,74,29,31,26,34,26,74,74,77,77,65,25.923
16.7.2022,18:51.8,3916.4,3691.9,3991.2,3991.2,3991.2,1372.8,90,87,92,86,95,10,13,8,14,5,95,95,97,97,67,27.908
16.7.2022,18:53.8,3390.9,3390.9,3390.9,3390.9,3390.9,1889.8,72,71,75,74,69,28,29,25,26,31,75,75,76,76,66,31.027
16.7.2022,18:55.9,3366.8,3291.9,3391.7,3391.7,3391.7,960.3,69,68,73,66,67,32,32,27,34,33,73,73,76,76,65,20.699
16.7.2022,18:58.0,3417.5,3392.5,3392.5,3392.5,3492.3,1879.6,82,86,78,81,81,19,14,22,19,19,86,86,86,86,68,32.999
16.7.2022,19:00.1,3415,3390,3390,3489.7,3390,1019.3,71,68,71,74,71,29,32,29,26,29,71,74,74,74,64,22.206
16.7.2022,19:02.1,3541.3,3491.5,3491.5,3591.2,3591.2,1264.7,72,72,76,69,70,28,28,24,31,30,77,76,80,80,66,25.616
16.7.2022,19:04.2,3493.2,3493.2,3493.2,3493.2,3493.2,1548.5,72,70,72,68,78,28,30,28,32,22,77,78,75,75,65,27.904
16.7.2022,19:06.3,3590.3,3590.3,3590.3,3590.3,3590.3,942.9,72,70,71,79,67,28,30,29,21,33,77,79,79,79,65,21.901
16.7.2022,19:08.4,3416.6,3491.5,3391.7,3391.7,3391.7,941.9,72,72,75,69,70,29,28,25,31,30,75,75,76,76,64,23.114
16.7.2022,19:10.4,3714.1,3788.9,3689.2,3689.2,3689.2,1487.1,74,74,79,70,72,26,26,21,30,28,79,79,83,83,66,27.198
16.7.2022,19:12.5,3291.9,3291.9,3291.9,3291.9,3291.9,1497.3,71,70,73,73,69,29,30,27,27,31,73,73,75,75,65,28.679
16.7.2022,19:14.6,3588.6,3588.6,3588.6,3588.6,3588.6,2012.8,79,76,76,81,82,21,24,24,19,18,82,82,85,85,65,31.999
16.7.2022,19:16.7,3389.2,3389.2,3389.2,3389.2,3389.2,2075.5,71,70,72,75,67,29,30,28,25,33,76,75,77,77,65,33.289
16.7.2022,19:18.8,3291.9,3291.9,3291.9,3291.9,3291.9,1143.7,73,72,73,75,73,27,28,27,25,27,76,75,80,80,64,22.83
16.7.2022,19:20.9,3643.8,3693.7,3693.7,3593.8,3593.8,1651.4,91,93,85,91,93,10,7,15,9,7,94,93,95,95,66,28.421
16.7.2022,19:22.9,3492.3,3492.3,3492.3,3492.3,3492.3,1181.4,72,72,75,69,72,28,28,25,31,28,75,75,77,77,66,23.956
16.7.2022,19:25.0,3892.4,3892.4,3892.4,3892.4,3892.4,1036.1,75,72,72,79,76,25,28,28,21,24,79,79,83,83,69,22.386
16.7.2022,19:27.1,3788,3788,3788,3788,3788,1810.7,85,83,87,83,85,16,17,13,17,15,87,87,94,94,75,31.063
16.7.2022,19:29.2,3715.9,3790.7,3691,3691,3691,1567.4,69,69,71,68,67,31,31,29,32,33,71,71,79,79,66,31.763
16.7.2022,19:31.2,2394.7,2394.7,2394.7,2394.7,2394.7,647.2,64,64,67,63,63,36,36,33,37,37,66,67,67,67,63,17.198
16.7.2022,19:33.3,3991.2,3991.2,3991.2,3991.2,3991.2,565.1,76,79,76,76,73,24,21,24,24,27,79,79,85,85,63,14.67
16.7.2022,19:35.3,2792.5,2792.5,2792.5,2792.5,2792.5,806.3,64,63,67,63,62,36,37,33,37,38,67,67,67,67,60,19.066
16.7.2022,19:37.4,3992.2,3992.2,3992.2,3992.2,3992.2,436.4,63,62,68,62,61,37,38,32,38,39,68,68,75,75,60,13.267
16.7.2022,19:39.5,3991.2,3991.2,3991.2,3991.2,3991.2,453.4,68,68,71,66,67,32,32,29,34,33,70,71,79,79,61,13.484
